--------------------------------------------------------
--  File created - Saturday-July-07-2012   
--------------------------------------------------------
--------------------------------------------------------
--  DDL for Table BOOKS
--------------------------------------------------------
SET DEFINE OFF

DROP TABLE BOOK_SHIPMENT CASCADE CONSTRAINTS;
DROP TABLE BOOK_SALES CASCADE CONSTRAINTS;
DROP TABLE BOOK_CUSTOMER CASCADE CONSTRAINTS;
DROP TABLE BOOK_AUTHOR CASCADE CONSTRAINTS;
DROP TABLE AUTHORS CASCADE CONSTRAINTS;
DROP TABLE BOOKS CASCADE CONSTRAINTS;
DROP TABLE PUBLISHER CASCADE CONSTRAINTS;

  CREATE TABLE "BOOKS" 
   (	"BOOK_ID" VARCHAR2(6 CHAR), 
	"BOOK_TITLE" VARCHAR2(150 BYTE), 
	"BOOK_COST" NUMBER(20,2), 
	"BOOK_TYPE" VARCHAR2(2 CHAR), 
	"PUBL_ID" NUMBER(3,0), 
	"BOOK_EDITION" VARCHAR2(10 CHAR), 
	"BOOK_DISCOUNT" NUMBER(5,2), 
	"ISBN" VARCHAR2(15 BYTE), 
	"PUBL_DATE" DATE
   ) ;
--------------------------------------------------------
--  DDL for Table BOOK_SALES
--------------------------------------------------------

  CREATE TABLE "BOOK_SALES" 
   (	"SALES_ID" NUMBER(6,0), 
	"BOOK_ID" VARCHAR2(6 BYTE), 
	"CUST_ID" NUMBER(4,0), 
	"QTY" NUMBER(3,0), 
	"PURCHASE_DATE" DATE
   ) ;
--------------------------------------------------------
--  DDL for Table AUTHORS
--------------------------------------------------------

  CREATE TABLE "AUTHORS" 
   (	"AUTHOR_ID" NUMBER(3,0), 
	"AUTHOR_NAME" VARCHAR2(50 BYTE)
   ) ;
--------------------------------------------------------
--  DDL for Table BOOK_AUTHOR
--------------------------------------------------------

  CREATE TABLE "BOOK_AUTHOR" 
   (	"BOOK_ID" VARCHAR2(6 BYTE), 
	"AUTHOR_ID" NUMBER(4,0)
   ) ;
--------------------------------------------------------
--  DDL for Table BOOK_CUSTOMER
--------------------------------------------------------

  CREATE TABLE "BOOK_CUSTOMER" 
   (	"CUST_ID" NUMBER(4,0), 
	"CUST_FNAME" VARCHAR2(25 BYTE), 
	"CUST_LNAME" VARCHAR2(25 BYTE), 
	"CUST_EMAIL" VARCHAR2(50 BYTE), 
	"CUST_REG_DATE" DATE, 
	"CUST_CITY" VARCHAR2(25 BYTE), 
	"CUST_CATEGORY" CHAR(1 BYTE)
   ) ;
--------------------------------------------------------
--  DDL for Table PUBLISHER
--------------------------------------------------------

  CREATE TABLE "PUBLISHER" 
   (	"PUBL_ID" NUMBER(3,0), 
	"PUBL_NAME" VARCHAR2(50 BYTE)
   ) ;
--------------------------------------------------------
--  DDL for Table BOOK_SHIPMENT
--------------------------------------------------------

  CREATE TABLE "BOOK_SHIPMENT" 
   (	"SALES_ID" NUMBER, 
	"SHIPPING_CITY" VARCHAR2(20 BYTE), 
	"SHIPMENT_DATE" DATE, 
	"SHIPMENT_ID" NUMBER
   ) ;
Insert into BOOKS (BOOK_ID,BOOK_TITLE,BOOK_COST,BOOK_TYPE,PUBL_ID,BOOK_EDITION,BOOK_DISCOUNT,ISBN,PUBL_DATE) values ('B0056','DataBase Systems',935.27,'DB',11,'Fifth',10,'978-8131716250',to_date('01-MAY-08','DD-MON-RR'));
Insert into BOOKS (BOOK_ID,BOOK_TITLE,BOOK_COST,BOOK_TYPE,PUBL_ID,BOOK_EDITION,BOOK_DISCOUNT,ISBN,PUBL_DATE) values ('B0059','Database Systems',1003.67,'DB',11,'Eighth',10,'978-8185015583',to_date('01-JAN-02','DD-MON-RR'));
Insert into BOOKS (BOOK_ID,BOOK_TITLE,BOOK_COST,BOOK_TYPE,PUBL_ID,BOOK_EDITION,BOOK_DISCOUNT,ISBN,PUBL_DATE) values ('B0063','The Java TM Programming Language',425,'PR',11,'Third',10,'978-8131702215',to_date('01-JAN-08','DD-MON-RR'));
Insert into BOOKS (BOOK_ID,BOOK_TITLE,BOOK_COST,BOOK_TYPE,PUBL_ID,BOOK_EDITION,BOOK_DISCOUNT,ISBN,PUBL_DATE) values ('B0067','The Java TM EE5 Tutorial',725,'PR',11,null,18,'978-8131714928',to_date('03-NOV-06','DD-MON-RR'));
Insert into BOOKS (BOOK_ID,BOOK_TITLE,BOOK_COST,BOOK_TYPE,PUBL_ID,BOOK_EDITION,BOOK_DISCOUNT,ISBN,PUBL_DATE) values ('B0071','The Complete Reference HTML & XHTML',540,'PR',15,'Fourth',16,'978-0070701946',to_date('08-MAR-10','DD-MON-RR'));
Insert into BOOKS (BOOK_ID,BOOK_TITLE,BOOK_COST,BOOK_TYPE,PUBL_ID,BOOK_EDITION,BOOK_DISCOUNT,ISBN,PUBL_DATE) values ('B0075','Inside Microsoft  Office Sharepoint  Server 2007',699,'PR',17,null,15,'978-9350041666',to_date('16-MAY-07','DD-MON-RR'));
Insert into BOOKS (BOOK_ID,BOOK_TITLE,BOOK_COST,BOOK_TYPE,PUBL_ID,BOOK_EDITION,BOOK_DISCOUNT,ISBN,PUBL_DATE) values ('B0081','MCITP  Microsoft Certified IT Professional 5-in-1 Study System',699,'PR',7,null,15,'978-9350040102',to_date('01-JAN-11','DD-MON-RR'));
Insert into BOOKS (BOOK_ID,BOOK_TITLE,BOOK_COST,BOOK_TYPE,PUBL_ID,BOOK_EDITION,BOOK_DISCOUNT,ISBN,PUBL_DATE) values ('B0087','UNIX System Administrator''s Bible',450,'OS',5,null,null,'978-0764531620',to_date('14-JUL-98','DD-MON-RR'));
Insert into BOOKS (BOOK_ID,BOOK_TITLE,BOOK_COST,BOOK_TYPE,PUBL_ID,BOOK_EDITION,BOOK_DISCOUNT,ISBN,PUBL_DATE) values ('B0090','UNIX Power Tools',750,'PR',14,'Third',20,'978-0679790730',to_date('08-OCT-02','DD-MON-RR'));
Insert into BOOKS (BOOK_ID,BOOK_TITLE,BOOK_COST,BOOK_TYPE,PUBL_ID,BOOK_EDITION,BOOK_DISCOUNT,ISBN,PUBL_DATE) values ('B0094','Advanced Programming in the UNIX  Environment',599,'PR',1,null,15,'978-8131762554',to_date('01-JAN-12','DD-MON-RR'));
Insert into BOOKS (BOOK_ID,BOOK_TITLE,BOOK_COST,BOOK_TYPE,PUBL_ID,BOOK_EDITION,BOOK_DISCOUNT,ISBN,PUBL_DATE) values ('B0099','Design Of The UNIX Operating System',295,'OS',13,null,null,'978-8177587708',to_date('01-JAN-90','DD-MON-RR'));
Insert into BOOKS (BOOK_ID,BOOK_TITLE,BOOK_COST,BOOK_TYPE,PUBL_ID,BOOK_EDITION,BOOK_DISCOUNT,ISBN,PUBL_DATE) values ('B0104','UNIX Network Programming',175,'PR',13,null,null,'978-8177583762',to_date('01-JAN-11','DD-MON-RR'));
Insert into BOOKS (BOOK_ID,BOOK_TITLE,BOOK_COST,BOOK_TYPE,PUBL_ID,BOOK_EDITION,BOOK_DISCOUNT,ISBN,PUBL_DATE) values ('B0107','UNIX Network Programming The Sockets Networking API Volume 1',450,'PR',13,'Third',15,'978-8120328235',to_date('01-JAN-05','DD-MON-RR'));
Insert into BOOKS (BOOK_ID,BOOK_TITLE,BOOK_COST,BOOK_TYPE,PUBL_ID,BOOK_EDITION,BOOK_DISCOUNT,ISBN,PUBL_DATE) values ('B0176','The Art of Computer Systems Performance Analysis',382,'SE',18,null,10,'978-8126519057',to_date('10-DEC-08','DD-MON-RR'));
Insert into BOOKS (BOOK_ID,BOOK_TITLE,BOOK_COST,BOOK_TYPE,PUBL_ID,BOOK_EDITION,BOOK_DISCOUNT,ISBN,PUBL_DATE) values ('B0181','Professional IIS 7 and ASP. NET Integrated Programming',494,'PR',18,null,12,'978-8126515332',to_date('19-OCT-07','DD-MON-RR'));
Insert into BOOKS (BOOK_ID,BOOK_TITLE,BOOK_COST,BOOK_TYPE,PUBL_ID,BOOK_EDITION,BOOK_DISCOUNT,ISBN,PUBL_DATE) values ('B0187','Head First Design Patterns',365,'PR',14,null,8,'978-8173664663',to_date('15-OCT-04','DD-MON-RR'));
Insert into BOOKS (BOOK_ID,BOOK_TITLE,BOOK_COST,BOOK_TYPE,PUBL_ID,BOOK_EDITION,BOOK_DISCOUNT,ISBN,PUBL_DATE) values ('B0190','Head First C#',523,'PR',14,null,12,'978-8184044195',to_date('01-DEC-07','DD-MON-RR'));
Insert into BOOKS (BOOK_ID,BOOK_TITLE,BOOK_COST,BOOK_TYPE,PUBL_ID,BOOK_EDITION,BOOK_DISCOUNT,ISBN,PUBL_DATE) values ('B0193','Pattern-Oriented Software Architecture A System of Patterns',262,'SE',18,null,null,'978-8126516117',to_date('06-MAR-08','DD-MON-RR'));
Insert into BOOKS (BOOK_ID,BOOK_TITLE,BOOK_COST,BOOK_TYPE,PUBL_ID,BOOK_EDITION,BOOK_DISCOUNT,ISBN,PUBL_DATE) values ('B0199','Web Service Contract Design & Versioning for SOA',920,'PR',12,null,18,'978-0136135173',to_date('24-SEP-08','DD-MON-RR'));
Insert into BOOKS (BOOK_ID,BOOK_TITLE,BOOK_COST,BOOK_TYPE,PUBL_ID,BOOK_EDITION,BOOK_DISCOUNT,ISBN,PUBL_DATE) values ('B0204','Principles Of Transaction Processing for The Systems Professional',5788.69,'DB',9,null,25,'978-1558604155',to_date('25-JAN-97','DD-MON-RR'));
Insert into BOOKS (BOOK_ID,BOOK_TITLE,BOOK_COST,BOOK_TYPE,PUBL_ID,BOOK_EDITION,BOOK_DISCOUNT,ISBN,PUBL_DATE) values ('B0210','Oracle PL/SQL Programming',552.5,'PR',14,'Fifth',15,'978-8184049497',to_date('28-SEP-09','DD-MON-RR'));
Insert into BOOKS (BOOK_ID,BOOK_TITLE,BOOK_COST,BOOK_TYPE,PUBL_ID,BOOK_EDITION,BOOK_DISCOUNT,ISBN,PUBL_DATE) values ('B0005','Network Security Bible',549,'NW',18,'Second',10,'978-8126505760',to_date('16-FEB-05','DD-MON-RR'));
Insert into BOOKS (BOOK_ID,BOOK_TITLE,BOOK_COST,BOOK_TYPE,PUBL_ID,BOOK_EDITION,BOOK_DISCOUNT,ISBN,PUBL_DATE) values ('B0013','Object Oriented Modelling and Design with UML2',285,'SE',11,'Second',5,'978-8131764626',to_date('01-JAN-11','DD-MON-RR'));
Insert into BOOKS (BOOK_ID,BOOK_TITLE,BOOK_COST,BOOK_TYPE,PUBL_ID,BOOK_EDITION,BOOK_DISCOUNT,ISBN,PUBL_DATE) values ('B0025','Computer organization and Architecture Designing for Performance',375,'OS',11,'Seventh',10,'978-8131732458',to_date('01-JAN-10','DD-MON-RR'));
Insert into BOOKS (BOOK_ID,BOOK_TITLE,BOOK_COST,BOOK_TYPE,PUBL_ID,BOOK_EDITION,BOOK_DISCOUNT,ISBN,PUBL_DATE) values ('B0038','Information Security',315,'NW',6,null,12,'978-8131509524',to_date('01-JAN-10','DD-MON-RR'));
Insert into BOOKS (BOOK_ID,BOOK_TITLE,BOOK_COST,BOOK_TYPE,PUBL_ID,BOOK_EDITION,BOOK_DISCOUNT,ISBN,PUBL_DATE) values ('B0046','MVS   TSO Part.1 Concepts and ISPF',2250,'OS',20,'Second',25,'978-0911625561',to_date('01-DEC-81','DD-MON-RR'));
Insert into BOOKS (BOOK_ID,BOOK_TITLE,BOOK_COST,BOOK_TYPE,PUBL_ID,BOOK_EDITION,BOOK_DISCOUNT,ISBN,PUBL_DATE) values ('B0055','Modern Cryptography  Theory and Practice',625,'NW',11,null,18,'978-8131702123',to_date('01-JAN-08','DD-MON-RR'));
Insert into BOOKS (BOOK_ID,BOOK_TITLE,BOOK_COST,BOOK_TYPE,PUBL_ID,BOOK_EDITION,BOOK_DISCOUNT,ISBN,PUBL_DATE) values ('B0069','J2EE  TM Architecture',457,'PR',15,null,null,'978-0070621633',to_date('20-NOV-06','DD-MON-RR'));
Insert into BOOKS (BOOK_ID,BOOK_TITLE,BOOK_COST,BOOK_TYPE,PUBL_ID,BOOK_EDITION,BOOK_DISCOUNT,ISBN,PUBL_DATE) values ('B0078','Programming Microsoft  SQL Server 2008',699,'PR',17,null,15,'978-8178531496',to_date('01-JAN-08','DD-MON-RR'));
Insert into BOOKS (BOOK_ID,BOOK_TITLE,BOOK_COST,BOOK_TYPE,PUBL_ID,BOOK_EDITION,BOOK_DISCOUNT,ISBN,PUBL_DATE) values ('B0091','UNIX Internals  The New Frontiers',525,'OS',11,null,15,'978-8177582499',to_date('01-DEC-08','DD-MON-RR'));
Insert into BOOKS (BOOK_ID,BOOK_TITLE,BOOK_COST,BOOK_TYPE,PUBL_ID,BOOK_EDITION,BOOK_DISCOUNT,ISBN,PUBL_DATE) values ('B0103','Advanced Programming in the UNIX  Environment',599,'PR',11,'Second',null,'978-8131700051',to_date('01-JAN-05','DD-MON-RR'));
Insert into BOOKS (BOOK_ID,BOOK_TITLE,BOOK_COST,BOOK_TYPE,PUBL_ID,BOOK_EDITION,BOOK_DISCOUNT,ISBN,PUBL_DATE) values ('B0113','Software Estimation Demystifying the Black Art',350,'SE',17,null,12,'978-9350041284',to_date('18-OCT-11','DD-MON-RR'));
Insert into BOOKS (BOOK_ID,BOOK_TITLE,BOOK_COST,BOOK_TYPE,PUBL_ID,BOOK_EDITION,BOOK_DISCOUNT,ISBN,PUBL_DATE) values ('B0123','A Guide to DB2',843,'DB',11,'Fifth',null,'978-0201558210',to_date('31-DEC-82','DD-MON-RR'));
Insert into BOOKS (BOOK_ID,BOOK_TITLE,BOOK_COST,BOOK_TYPE,PUBL_ID,BOOK_EDITION,BOOK_DISCOUNT,ISBN,PUBL_DATE) values ('B0131','Innovation and Entrepreneurship',431.25,'GN',22,null,12,'978-0060851132',to_date('09-MAY-06','DD-MON-RR'));
Insert into BOOKS (BOOK_ID,BOOK_TITLE,BOOK_COST,BOOK_TYPE,PUBL_ID,BOOK_EDITION,BOOK_DISCOUNT,ISBN,PUBL_DATE) values ('B0140','Windows Server 2008 Inside Out',895,'OS',13,null,20,'978-8120335035',to_date('27-FEB-08','DD-MON-RR'));
Insert into BOOKS (BOOK_ID,BOOK_TITLE,BOOK_COST,BOOK_TYPE,PUBL_ID,BOOK_EDITION,BOOK_DISCOUNT,ISBN,PUBL_DATE) values ('B0148','CSS Cook book',600,'PR',14,'Third',18,'978-8184048971',to_date('01-JAN-10','DD-MON-RR'));
Insert into BOOKS (BOOK_ID,BOOK_TITLE,BOOK_COST,BOOK_TYPE,PUBL_ID,BOOK_EDITION,BOOK_DISCOUNT,ISBN,PUBL_DATE) values ('B0156','HTML Black Book',449,'PR',7,null,14,'978-8177220865',to_date('03-JUL-00','DD-MON-RR'));
Insert into BOOKS (BOOK_ID,BOOK_TITLE,BOOK_COST,BOOK_TYPE,PUBL_ID,BOOK_EDITION,BOOK_DISCOUNT,ISBN,PUBL_DATE) values ('B0163','The Complete Reference JSP2.0',550,'PR',15,null,17,'978-0070531413',to_date('19-FEB-03','DD-MON-RR'));
Insert into BOOKS (BOOK_ID,BOOK_TITLE,BOOK_COST,BOOK_TYPE,PUBL_ID,BOOK_EDITION,BOOK_DISCOUNT,ISBN,PUBL_DATE) values ('B0172','Flash 8 IN Simple Steps',139,'PR',7,null,null,'978-8177226997',to_date('14-AUG-06','DD-MON-RR'));
Insert into BOOKS (BOOK_ID,BOOK_TITLE,BOOK_COST,BOOK_TYPE,PUBL_ID,BOOK_EDITION,BOOK_DISCOUNT,ISBN,PUBL_DATE) values ('B0183','Professional IIS 7',539,'NW',18,null,15,'978-0470097823',to_date('11-MAR-08','DD-MON-RR'));
Insert into BOOKS (BOOK_ID,BOOK_TITLE,BOOK_COST,BOOK_TYPE,PUBL_ID,BOOK_EDITION,BOOK_DISCOUNT,ISBN,PUBL_DATE) values ('B0192','The Tipping Point',216.2,'GN',null,null,null,'978-0349113463',to_date('14-FEB-02','DD-MON-RR'));
Insert into BOOKS (BOOK_ID,BOOK_TITLE,BOOK_COST,BOOK_TYPE,PUBL_ID,BOOK_EDITION,BOOK_DISCOUNT,ISBN,PUBL_DATE) values ('B0200','SOA Principles of Service Design',559,'PR',14,null,15,'978-8131723098',to_date('01-JAN-07','DD-MON-RR'));
Insert into BOOKS (BOOK_ID,BOOK_TITLE,BOOK_COST,BOOK_TYPE,PUBL_ID,BOOK_EDITION,BOOK_DISCOUNT,ISBN,PUBL_DATE) values ('B0211','Beginning Iphone SDK Programming with Objective-C',424,'PR',18,null,12,'978-8126525485',to_date('18-FEB-10','DD-MON-RR'));
Insert into BOOKS (BOOK_ID,BOOK_TITLE,BOOK_COST,BOOK_TYPE,PUBL_ID,BOOK_EDITION,BOOK_DISCOUNT,ISBN,PUBL_DATE) values ('B0001','Data Structures, Algorithms and Applications in C++',375,'PR',16,'Second',10,'978-8173715228',to_date('01-JAN-05','DD-MON-RR'));
Insert into BOOKS (BOOK_ID,BOOK_TITLE,BOOK_COST,BOOK_TYPE,PUBL_ID,BOOK_EDITION,BOOK_DISCOUNT,ISBN,PUBL_DATE) values ('B0002','The C++ Programming Language',699,'PR',11,'Third',15,'978-8131705216',to_date('01-JAN-08','DD-MON-RR'));
Insert into BOOKS (BOOK_ID,BOOK_TITLE,BOOK_COST,BOOK_TYPE,PUBL_ID,BOOK_EDITION,BOOK_DISCOUNT,ISBN,PUBL_DATE) values ('B0003','The Complete Reference C++',495,'PR',15,'Fourth',8,'978-0070532465',to_date('02-APR-03','DD-MON-RR'));
Insert into BOOKS (BOOK_ID,BOOK_TITLE,BOOK_COST,BOOK_TYPE,PUBL_ID,BOOK_EDITION,BOOK_DISCOUNT,ISBN,PUBL_DATE) values ('B0004','Computer Networks',375,'NW',11,'Fourth',5,'978-8177581652',to_date('01-DEC-08','DD-MON-RR'));
Insert into BOOKS (BOOK_ID,BOOK_TITLE,BOOK_COST,BOOK_TYPE,PUBL_ID,BOOK_EDITION,BOOK_DISCOUNT,ISBN,PUBL_DATE) values ('B0006','Intranet - Working with TCP/IP - Volume 1
 Principles Protocols and Architecture',225,'NW',13,'Third',null,'978-8131707395',to_date('01-JAN-08','DD-MON-RR'));
Insert into BOOKS (BOOK_ID,BOOK_TITLE,BOOK_COST,BOOK_TYPE,PUBL_ID,BOOK_EDITION,BOOK_DISCOUNT,ISBN,PUBL_DATE) values ('B0007','Ipng Internet Protocol Next Generation',2165,'NW',1,null,null,'978-0201633955',to_date('23-MAY-95','DD-MON-RR'));
Insert into BOOKS (BOOK_ID,BOOK_TITLE,BOOK_COST,BOOK_TYPE,PUBL_ID,BOOK_EDITION,BOOK_DISCOUNT,ISBN,PUBL_DATE) values ('B0008','Internet - Working with TCP/IP - Volume II Design, Implementation and Internals',250,'NW',13,null,null,'978-0139738432',to_date('15-JUN-98','DD-MON-RR'));
Insert into BOOKS (BOOK_ID,BOOK_TITLE,BOOK_COST,BOOK_TYPE,PUBL_ID,BOOK_EDITION,BOOK_DISCOUNT,ISBN,PUBL_DATE) values ('B0009','Internet - Working with TCP/IP - Volume III Client Server programming and Applications',195,'NW',13,null,null,'978-0132609692',to_date('25-MAR-96','DD-MON-RR'));
Insert into BOOKS (BOOK_ID,BOOK_TITLE,BOOK_COST,BOOK_TYPE,PUBL_ID,BOOK_EDITION,BOOK_DISCOUNT,ISBN,PUBL_DATE) values ('B0010','Data structures using Java',460,'PR',11,null,10,'978-0130477217',to_date('05-MAR-03','DD-MON-RR'));
Insert into BOOKS (BOOK_ID,BOOK_TITLE,BOOK_COST,BOOK_TYPE,PUBL_ID,BOOK_EDITION,BOOK_DISCOUNT,ISBN,PUBL_DATE) values ('B0011','Design Patterns Elements of Re-usable object oriented language',450,'SE',11,null,10,'978-7111211266',to_date('01-JAN-08','DD-MON-RR'));
Insert into BOOKS (BOOK_ID,BOOK_TITLE,BOOK_COST,BOOK_TYPE,PUBL_ID,BOOK_EDITION,BOOK_DISCOUNT,ISBN,PUBL_DATE) values ('B0012','Object Oriented Analysis and Design',510,'SE',11,null,12,'978-0321263179',to_date('09-NOV-04','DD-MON-RR'));
Insert into BOOKS (BOOK_ID,BOOK_TITLE,BOOK_COST,BOOK_TYPE,PUBL_ID,BOOK_EDITION,BOOK_DISCOUNT,ISBN,PUBL_DATE) values ('B0014','Object Oriented Design and Patterns',333,'SE',18,null,10,'978-8126534715',to_date('01-JAN-12','DD-MON-RR'));
Insert into BOOKS (BOOK_ID,BOOK_TITLE,BOOK_COST,BOOK_TYPE,PUBL_ID,BOOK_EDITION,BOOK_DISCOUNT,ISBN,PUBL_DATE) values ('B0015','Object Oriented Analysis and Design with Applications',650,'SE',11,'Third',15,'978-8131722879',to_date('01-JAN-09','DD-MON-RR'));
Insert into BOOKS (BOOK_ID,BOOK_TITLE,BOOK_COST,BOOK_TYPE,PUBL_ID,BOOK_EDITION,BOOK_DISCOUNT,ISBN,PUBL_DATE) values ('B0016','The Unified Software development Process',524,'SE',1,null,null,'978-8177583151',to_date('01-JAN-07','DD-MON-RR'));
Insert into BOOKS (BOOK_ID,BOOK_TITLE,BOOK_COST,BOOK_TYPE,PUBL_ID,BOOK_EDITION,BOOK_DISCOUNT,ISBN,PUBL_DATE) values ('B0017','Real Time Systems Design and Analysis',399,'OS',18,null,10,'978-8126508303',to_date('23-JUN-06','DD-MON-RR'));
Insert into BOOKS (BOOK_ID,BOOK_TITLE,BOOK_COST,BOOK_TYPE,PUBL_ID,BOOK_EDITION,BOOK_DISCOUNT,ISBN,PUBL_DATE) values ('B0018','Appplying UML and Patterns An introduction to object oriented analysis and design and iterative development',499,'SE',11,'Third',15,'978-8177589795',to_date('01-DEC-08','DD-MON-RR'));
Insert into BOOKS (BOOK_ID,BOOK_TITLE,BOOK_COST,BOOK_TYPE,PUBL_ID,BOOK_EDITION,BOOK_DISCOUNT,ISBN,PUBL_DATE) values ('B0019','UML 2 Bible',499,'SE',18,null,15,'978-8126504527',to_date('26-SEP-03','DD-MON-RR'));
Insert into BOOKS (BOOK_ID,BOOK_TITLE,BOOK_COST,BOOK_TYPE,PUBL_ID,BOOK_EDITION,BOOK_DISCOUNT,ISBN,PUBL_DATE) values ('B0020','The Unified Modelling Language User Guide',625,'SE',11,'Second',18,'978-8131715826',to_date('01-JAN-07','DD-MON-RR'));
Insert into BOOKS (BOOK_ID,BOOK_TITLE,BOOK_COST,BOOK_TYPE,PUBL_ID,BOOK_EDITION,BOOK_DISCOUNT,ISBN,PUBL_DATE) values ('B0021','UML Distilled A brief guide to standard object Modelling Language',250,'SE',11,'Third',0,'978-8131715659',to_date('01-JAN-11','DD-MON-RR'));
Insert into BOOKS (BOOK_ID,BOOK_TITLE,BOOK_COST,BOOK_TYPE,PUBL_ID,BOOK_EDITION,BOOK_DISCOUNT,ISBN,PUBL_DATE) values ('B0022','The Art of Computer Programming Volume 1  Fundamental Algorithms',475,'PR',11,'Third',5,'978-8177587548',to_date('01-JAN-02','DD-MON-RR'));
Insert into BOOKS (BOOK_ID,BOOK_TITLE,BOOK_COST,BOOK_TYPE,PUBL_ID,BOOK_EDITION,BOOK_DISCOUNT,ISBN,PUBL_DATE) values ('B0023','The Art of Computer Programming Volume 2  Seminumerical Algorithms',599,'PR',11,'Third',15,'978-8177583359',to_date('01-JAN-98','DD-MON-RR'));
Insert into BOOKS (BOOK_ID,BOOK_TITLE,BOOK_COST,BOOK_TYPE,PUBL_ID,BOOK_EDITION,BOOK_DISCOUNT,ISBN,PUBL_DATE) values ('B0024','The Art of Computer Programming Volume 3 ',525,'PR',11,'Second',15,'978-8131709832',to_date('01-JAN-08','DD-MON-RR'));
Insert into BOOKS (BOOK_ID,BOOK_TITLE,BOOK_COST,BOOK_TYPE,PUBL_ID,BOOK_EDITION,BOOK_DISCOUNT,ISBN,PUBL_DATE) values ('B0026','Introduction to Algorithms',425,'PR',13,'Third',10,'978-8120340077',to_date('01-JAN-10','DD-MON-RR'));
Insert into BOOKS (BOOK_ID,BOOK_TITLE,BOOK_COST,BOOK_TYPE,PUBL_ID,BOOK_EDITION,BOOK_DISCOUNT,ISBN,PUBL_DATE) values ('B0027','Computer Architecture A Quantitative Approach',450,'OS',9,null,12,'978-9381269220',to_date('01-JAN-11','DD-MON-RR'));
Insert into BOOKS (BOOK_ID,BOOK_TITLE,BOOK_COST,BOOK_TYPE,PUBL_ID,BOOK_EDITION,BOOK_DISCOUNT,ISBN,PUBL_DATE) values ('B0028','Data and Computer communications',435,'NW',11,'Eighth',12,'978-8131715369',to_date('01-JAN-07','DD-MON-RR'));
Insert into BOOKS (BOOK_ID,BOOK_TITLE,BOOK_COST,BOOK_TYPE,PUBL_ID,BOOK_EDITION,BOOK_DISCOUNT,ISBN,PUBL_DATE) values ('B0029','Computer Organization and Design The Hardware Software Interface',495,'OS',9,null,15,'978-8131222744',to_date('01-JAN-10','DD-MON-RR'));
Insert into BOOKS (BOOK_ID,BOOK_TITLE,BOOK_COST,BOOK_TYPE,PUBL_ID,BOOK_EDITION,BOOK_DISCOUNT,ISBN,PUBL_DATE) values ('B0030','Modern Operating Systems',450,'OS',13,null,15,'978-8120339040',to_date('01-JAN-09','DD-MON-RR'));
Insert into BOOKS (BOOK_ID,BOOK_TITLE,BOOK_COST,BOOK_TYPE,PUBL_ID,BOOK_EDITION,BOOK_DISCOUNT,ISBN,PUBL_DATE) values ('B0031','Software Architecture Perspective on Emerging Discipline',150,'SE',13,null,null,'978-8120314702',to_date('01-JAN-09','DD-MON-RR'));
Insert into BOOKS (BOOK_ID,BOOK_TITLE,BOOK_COST,BOOK_TYPE,PUBL_ID,BOOK_EDITION,BOOK_DISCOUNT,ISBN,PUBL_DATE) values ('B0032','Software Engineering A Practitioner''s Approach',412,'SE',23,'Fourth',null,'978-0071267823',to_date('01-APR-09','DD-MON-RR'));
Insert into BOOKS (BOOK_ID,BOOK_TITLE,BOOK_COST,BOOK_TYPE,PUBL_ID,BOOK_EDITION,BOOK_DISCOUNT,ISBN,PUBL_DATE) values ('B0033','Web Services - An Introduction',585,'PR',15,null,null,'978-1259002762',to_date('09-JAN-12','DD-MON-RR'));
Insert into BOOKS (BOOK_ID,BOOK_TITLE,BOOK_COST,BOOK_TYPE,PUBL_ID,BOOK_EDITION,BOOK_DISCOUNT,ISBN,PUBL_DATE) values ('B0034','Ten Steps to Maturity in Knowledge Management',755,'SE',24,null,null,'978-1843341307',to_date('01-JAN-06','DD-MON-RR'));
Insert into BOOKS (BOOK_ID,BOOK_TITLE,BOOK_COST,BOOK_TYPE,PUBL_ID,BOOK_EDITION,BOOK_DISCOUNT,ISBN,PUBL_DATE) values ('B0035','Integrated Approach to Web Performance Testing A practitioner''s Guide',4137.75,'SE',8,null,null,'978-1591407850',to_date('15-MAR-06','DD-MON-RR'));
Insert into BOOKS (BOOK_ID,BOOK_TITLE,BOOK_COST,BOOK_TYPE,PUBL_ID,BOOK_EDITION,BOOK_DISCOUNT,ISBN,PUBL_DATE) values ('B0036','S O A in Practice',375,'SE',14,null,null,'978-8184043693',to_date('01-JAN-10','DD-MON-RR'));
Insert into BOOKS (BOOK_ID,BOOK_TITLE,BOOK_COST,BOOK_TYPE,PUBL_ID,BOOK_EDITION,BOOK_DISCOUNT,ISBN,PUBL_DATE) values ('B0037','Real-Time Computer Control An Introduction',375,'OS',11,'Second',12,'978-8131713884',to_date('01-DEC-03','DD-MON-RR'));
Insert into BOOKS (BOOK_ID,BOOK_TITLE,BOOK_COST,BOOK_TYPE,PUBL_ID,BOOK_EDITION,BOOK_DISCOUNT,ISBN,PUBL_DATE) values ('B0039','Distributed Systems Concepts and Design',545,'OS',11,'Fourth',15,'978-8131718407',to_date('01-JAN-08','DD-MON-RR'));
Insert into BOOKS (BOOK_ID,BOOK_TITLE,BOOK_COST,BOOK_TYPE,PUBL_ID,BOOK_EDITION,BOOK_DISCOUNT,ISBN,PUBL_DATE) values ('B0040','Principles Of Enterprise IT Architecture',503,'SE',18,null,null,'978-8126508983',to_date('01-JAN-06','DD-MON-RR'));
Insert into BOOKS (BOOK_ID,BOOK_TITLE,BOOK_COST,BOOK_TYPE,PUBL_ID,BOOK_EDITION,BOOK_DISCOUNT,ISBN,PUBL_DATE) values ('B0041','DB2 Developers Guide',905.12,'DB',12,'Third',10,'978-0672305122',to_date('01-JUL-94','DD-MON-RR'));
Insert into BOOKS (BOOK_ID,BOOK_TITLE,BOOK_COST,BOOK_TYPE,PUBL_ID,BOOK_EDITION,BOOK_DISCOUNT,ISBN,PUBL_DATE) values ('B0042','MVS/VSAM For the Application Programmer',325,'OS',14,null,8,'978-8173660023',to_date('01-JAN-93','DD-MON-RR'));
Insert into BOOKS (BOOK_ID,BOOK_TITLE,BOOK_COST,BOOK_TYPE,PUBL_ID,BOOK_EDITION,BOOK_DISCOUNT,ISBN,PUBL_DATE) values ('B0043','CICS Hand Book',450,'PR',15,null,12,'978-0070486362',to_date('25-MAY-12','DD-MON-RR'));
Insert into BOOKS (BOOK_ID,BOOK_TITLE,BOOK_COST,BOOK_TYPE,PUBL_ID,BOOK_EDITION,BOOK_DISCOUNT,ISBN,PUBL_DATE) values ('B0044','Structured Cobol Programming',459,'PR',18,'Eighth',13,'978-8126511877',to_date('15-MAR-07','DD-MON-RR'));
Insert into BOOKS (BOOK_ID,BOOK_TITLE,BOOK_COST,BOOK_TYPE,PUBL_ID,BOOK_EDITION,BOOK_DISCOUNT,ISBN,PUBL_DATE) values ('B0045','COBOL Programming Including MS-Cobol and Cobol-85',350,'PR',15,'Second',8,'978-0074603185',to_date('06-FEB-01','DD-MON-RR'));
Insert into BOOKS (BOOK_ID,BOOK_TITLE,BOOK_COST,BOOK_TYPE,PUBL_ID,BOOK_EDITION,BOOK_DISCOUNT,ISBN,PUBL_DATE) values ('B0047','The Data Warehouse Toolkit',862.87,'DB',18,'Second',10,'978-8126508891',to_date('18-JUL-06','DD-MON-RR'));
Insert into BOOKS (BOOK_ID,BOOK_TITLE,BOOK_COST,BOOK_TYPE,PUBL_ID,BOOK_EDITION,BOOK_DISCOUNT,ISBN,PUBL_DATE) values ('B0048','The Data warehouse ETL Toolkit',862.87,'DB',18,null,10,'978-8126505548',to_date('05-OCT-04','DD-MON-RR'));
Insert into BOOKS (BOOK_ID,BOOK_TITLE,BOOK_COST,BOOK_TYPE,PUBL_ID,BOOK_EDITION,BOOK_DISCOUNT,ISBN,PUBL_DATE) values ('B0049','The Data Warehouse Life Cycle Toolkit',1204.81,'DB',18,'Second',18,'978-0471255475',to_date('10-SEP-98','DD-MON-RR'));
Insert into BOOKS (BOOK_ID,BOOK_TITLE,BOOK_COST,BOOK_TYPE,PUBL_ID,BOOK_EDITION,BOOK_DISCOUNT,ISBN,PUBL_DATE) values ('B0050','Data Mining Techniques',703.98,'DB',16,null,8,'978-8173716720',to_date('01-JAN-10','DD-MON-RR'));
Insert into BOOKS (BOOK_ID,BOOK_TITLE,BOOK_COST,BOOK_TYPE,PUBL_ID,BOOK_EDITION,BOOK_DISCOUNT,ISBN,PUBL_DATE) values ('B0051','Data Mining Concepts and Techniques',905.12,'DB',9,null,12,'978-9380931913',to_date('01-JAN-11','DD-MON-RR'));
Insert into BOOKS (BOOK_ID,BOOK_TITLE,BOOK_COST,BOOK_TYPE,PUBL_ID,BOOK_EDITION,BOOK_DISCOUNT,ISBN,PUBL_DATE) values ('B0052','Applied Cryptography Protocols, Algorithms, and Source Code in C',459,'PR',18,'Second',12,'978-8126513680',to_date('03-AUG-07','DD-MON-RR'));
Insert into BOOKS (BOOK_ID,BOOK_TITLE,BOOK_COST,BOOK_TYPE,PUBL_ID,BOOK_EDITION,BOOK_DISCOUNT,ISBN,PUBL_DATE) values ('B0053','DATABASE - Principles, Programming, Performance',995.64,'DB',9,'Second',null,'978-9380501284',to_date('01-JAN-10','DD-MON-RR'));
Insert into BOOKS (BOOK_ID,BOOK_TITLE,BOOK_COST,BOOK_TYPE,PUBL_ID,BOOK_EDITION,BOOK_DISCOUNT,ISBN,PUBL_DATE) values ('B0054','Cryptography and Network Security',325,'NW',11,'Fourth',8,'978-8131761663',to_date('01-JAN-11','DD-MON-RR'));
Insert into BOOKS (BOOK_ID,BOOK_TITLE,BOOK_COST,BOOK_TYPE,PUBL_ID,BOOK_EDITION,BOOK_DISCOUNT,ISBN,PUBL_DATE) values ('B0057','Introduction to Data Compression',425,'PR',9,'Third',10,'978-8131206249',to_date('01-JAN-10','DD-MON-RR'));
Insert into BOOKS (BOOK_ID,BOOK_TITLE,BOOK_COST,BOOK_TYPE,PUBL_ID,BOOK_EDITION,BOOK_DISCOUNT,ISBN,PUBL_DATE) values ('B0058','Distributed Database Systems',502.84,'DB',11,null,null,'978-8131727188',to_date('01-JAN-09','DD-MON-RR'));
Insert into BOOKS (BOOK_ID,BOOK_TITLE,BOOK_COST,BOOK_TYPE,PUBL_ID,BOOK_EDITION,BOOK_DISCOUNT,ISBN,PUBL_DATE) values ('B0060','Head First Java TM',550,'PR',14,'Second',12,'978-8173666025',to_date('01-JAN-05','DD-MON-RR'));
Insert into BOOKS (BOOK_ID,BOOK_TITLE,BOOK_COST,BOOK_TYPE,PUBL_ID,BOOK_EDITION,BOOK_DISCOUNT,ISBN,PUBL_DATE) values ('B0061','Java in a Nutshell',650,'PR',14,'Fifth',15,'978-8184042665',to_date('01-JAN-06','DD-MON-RR'));
Insert into BOOKS (BOOK_ID,BOOK_TITLE,BOOK_COST,BOOK_TYPE,PUBL_ID,BOOK_EDITION,BOOK_DISCOUNT,ISBN,PUBL_DATE) values ('B0062','Java Programming',699,'PR',11,'Seventh',16,'978-8131729588',to_date('01-JAN-09','DD-MON-RR'));
Insert into BOOKS (BOOK_ID,BOOK_TITLE,BOOK_COST,BOOK_TYPE,PUBL_ID,BOOK_EDITION,BOOK_DISCOUNT,ISBN,PUBL_DATE) values ('B0064','Head First EJB TM',450,'PR',14,null,10,'978-8173665264',to_date('01-JAN-03','DD-MON-RR'));
Insert into BOOKS (BOOK_ID,BOOK_TITLE,BOOK_COST,BOOK_TYPE,PUBL_ID,BOOK_EDITION,BOOK_DISCOUNT,ISBN,PUBL_DATE) values ('B0065','Core J2EE TM Patterns Best Practices and Design Strategies',550,'PR',11,'Second',15,'978-8177586718',to_date('01-JAN-03','DD-MON-RR'));
Insert into BOOKS (BOOK_ID,BOOK_TITLE,BOOK_COST,BOOK_TYPE,PUBL_ID,BOOK_EDITION,BOOK_DISCOUNT,ISBN,PUBL_DATE) values ('B0066','J2EE  Web Services',575,'PR',11,null,15,'978-8177589313',to_date('01-JAN-04','DD-MON-RR'));
Insert into BOOKS (BOOK_ID,BOOK_TITLE,BOOK_COST,BOOK_TYPE,PUBL_ID,BOOK_EDITION,BOOK_DISCOUNT,ISBN,PUBL_DATE) values ('B0068','Ajax Definitive Guide',750,'PR',14,null,20,'978-8184044898',to_date('12-FEB-08','DD-MON-RR'));
Insert into BOOKS (BOOK_ID,BOOK_TITLE,BOOK_COST,BOOK_TYPE,PUBL_ID,BOOK_EDITION,BOOK_DISCOUNT,ISBN,PUBL_DATE) values ('B0070','The Complete Reference XML',625,'PR',15,null,18,'978-0070447257',to_date('09-JUL-01','DD-MON-RR'));
Insert into BOOKS (BOOK_ID,BOOK_TITLE,BOOK_COST,BOOK_TYPE,PUBL_ID,BOOK_EDITION,BOOK_DISCOUNT,ISBN,PUBL_DATE) values ('B0072','Dynamic HTML The Definitive Reference',800,'PR',14,null,20,'978-8173660269',to_date('05-JAN-07','DD-MON-RR'));
Insert into BOOKS (BOOK_ID,BOOK_TITLE,BOOK_COST,BOOK_TYPE,PUBL_ID,BOOK_EDITION,BOOK_DISCOUNT,ISBN,PUBL_DATE) values ('B0073','Inside Microsoft Windows 2000',700,'OS',17,'Third',null,'978-8178530345',to_date('01-JAN-01','DD-MON-RR'));
Insert into BOOKS (BOOK_ID,BOOK_TITLE,BOOK_COST,BOOK_TYPE,PUBL_ID,BOOK_EDITION,BOOK_DISCOUNT,ISBN,PUBL_DATE) values ('B0074','Introducing Windows  7',599,'OS',17,null,15,'978-9350041550',to_date('25-JUL-11','DD-MON-RR'));
Insert into BOOKS (BOOK_ID,BOOK_TITLE,BOOK_COST,BOOK_TYPE,PUBL_ID,BOOK_EDITION,BOOK_DISCOUNT,ISBN,PUBL_DATE) values ('B0076','Microsoft Office Project 2007 Inside Out ',795,'SE',13,null,18,'978-0735623279',to_date('30-MAY-07','DD-MON-RR'));
Insert into BOOKS (BOOK_ID,BOOK_TITLE,BOOK_COST,BOOK_TYPE,PUBL_ID,BOOK_EDITION,BOOK_DISCOUNT,ISBN,PUBL_DATE) values ('B0077','Pro WF Windows Workflow in. NET 3.5',649,'PR',21,null,15,'978-8184890020',to_date('16-JUN-08','DD-MON-RR'));
Insert into BOOKS (BOOK_ID,BOOK_TITLE,BOOK_COST,BOOK_TYPE,PUBL_ID,BOOK_EDITION,BOOK_DISCOUNT,ISBN,PUBL_DATE) values ('B0079','Programming Microsoft Visual C# 2008 The Language',699,'PR',17,null,15,'978-8178531403',to_date('28-MAY-08','DD-MON-RR'));
Insert into BOOKS (BOOK_ID,BOOK_TITLE,BOOK_COST,BOOK_TYPE,PUBL_ID,BOOK_EDITION,BOOK_DISCOUNT,ISBN,PUBL_DATE) values ('B0080','Programming Microsoft  ASP NET 3.5',699,'PR',17,null,16,'978-9350041338',to_date('03-AUG-11','DD-MON-RR'));
Insert into BOOKS (BOOK_ID,BOOK_TITLE,BOOK_COST,BOOK_TYPE,PUBL_ID,BOOK_EDITION,BOOK_DISCOUNT,ISBN,PUBL_DATE) values ('B0082','Windows Internals Covering Windows Server 2008 & Windows Vista',799,'OS',17,'Fifth',18,'978-9350041499',to_date('12-AUG-11','DD-MON-RR'));
Insert into BOOKS (BOOK_ID,BOOK_TITLE,BOOK_COST,BOOK_TYPE,PUBL_ID,BOOK_EDITION,BOOK_DISCOUNT,ISBN,PUBL_DATE) values ('B0083','Windows Server 2008  Bible',549,'OS',18,null,14,'978-8126518203',to_date('28-AUG-08','DD-MON-RR'));
Insert into BOOKS (BOOK_ID,BOOK_TITLE,BOOK_COST,BOOK_TYPE,PUBL_ID,BOOK_EDITION,BOOK_DISCOUNT,ISBN,PUBL_DATE) values ('B0084','Windows Power Shell TM 2.0',395,'OS',13,null,9,'978-8120338852',to_date('01-JAN-09','DD-MON-RR'));
Insert into BOOKS (BOOK_ID,BOOK_TITLE,BOOK_COST,BOOK_TYPE,PUBL_ID,BOOK_EDITION,BOOK_DISCOUNT,ISBN,PUBL_DATE) values ('B0085','Windows 7',395,'OS',13,null,9,'978-8120339606',to_date('01-JAN-09','DD-MON-RR'));
Insert into BOOKS (BOOK_ID,BOOK_TITLE,BOOK_COST,BOOK_TYPE,PUBL_ID,BOOK_EDITION,BOOK_DISCOUNT,ISBN,PUBL_DATE) values ('B0086','Windows Server 2008',475,'OS',14,null,10,'978-8184045000',to_date('01-JAN-08','DD-MON-RR'));
Insert into BOOKS (BOOK_ID,BOOK_TITLE,BOOK_COST,BOOK_TYPE,PUBL_ID,BOOK_EDITION,BOOK_DISCOUNT,ISBN,PUBL_DATE) values ('B0088','Power Programming With RPC',1378,'PR',14,null,null,'978-0937175774',to_date('01-FEB-92','DD-MON-RR'));
Insert into BOOKS (BOOK_ID,BOOK_TITLE,BOOK_COST,BOOK_TYPE,PUBL_ID,BOOK_EDITION,BOOK_DISCOUNT,ISBN,PUBL_DATE) values ('B0089','SED & AWK',350,'PR',14,'Second',8,'978-8173660788',to_date('01-JAN-97','DD-MON-RR'));
Insert into BOOKS (BOOK_ID,BOOK_TITLE,BOOK_COST,BOOK_TYPE,PUBL_ID,BOOK_EDITION,BOOK_DISCOUNT,ISBN,PUBL_DATE) values ('B0092','Bash Cookbook TM',500,'PR',14,null,15,'978-8184043471',to_date('01-JAN-07','DD-MON-RR'));
Insert into BOOKS (BOOK_ID,BOOK_TITLE,BOOK_COST,BOOK_TYPE,PUBL_ID,BOOK_EDITION,BOOK_DISCOUNT,ISBN,PUBL_DATE) values ('B0093','Fedora 10 and Red Hat Enterprise Linux  Bible',599,'OS',18,null,15,'978-0470413395',to_date('16-JAN-09','DD-MON-RR'));
Insert into BOOKS (BOOK_ID,BOOK_TITLE,BOOK_COST,BOOK_TYPE,PUBL_ID,BOOK_EDITION,BOOK_DISCOUNT,ISBN,PUBL_DATE) values ('B0095','UNIX  Security R&D Books',195,'PR',5,null,null,null,null);
Insert into BOOKS (BOOK_ID,BOOK_TITLE,BOOK_COST,BOOK_TYPE,PUBL_ID,BOOK_EDITION,BOOK_DISCOUNT,ISBN,PUBL_DATE) values ('B0096','The Design of The Unix Operating System',276,'OS',13,null,null,'978-8120305168',to_date('01-JAN-98','DD-MON-RR'));
Insert into BOOKS (BOOK_ID,BOOK_TITLE,BOOK_COST,BOOK_TYPE,PUBL_ID,BOOK_EDITION,BOOK_DISCOUNT,ISBN,PUBL_DATE) values ('B0097','UNIX System Administration Handbook',1135,'OS',12,'Second',null,'978-8131720554',to_date('01-JAN-08','DD-MON-RR'));
Insert into BOOKS (BOOK_ID,BOOK_TITLE,BOOK_COST,BOOK_TYPE,PUBL_ID,BOOK_EDITION,BOOK_DISCOUNT,ISBN,PUBL_DATE) values ('B0098','The UNIX Programming Environment',250,'PR',13,null,null,'978-8120304994',to_date('01-JAN-87','DD-MON-RR'));
Insert into BOOKS (BOOK_ID,BOOK_TITLE,BOOK_COST,BOOK_TYPE,PUBL_ID,BOOK_EDITION,BOOK_DISCOUNT,ISBN,PUBL_DATE) values ('B0100','UNIX Shell Programming',225,'PR',3,null,null,'978-8170297536',to_date('11-AUG-03','DD-MON-RR'));
Insert into BOOKS (BOOK_ID,BOOK_TITLE,BOOK_COST,BOOK_TYPE,PUBL_ID,BOOK_EDITION,BOOK_DISCOUNT,ISBN,PUBL_DATE) values ('B0101','The Art of UNIX Programming',450,'PR',10,null,12,'978-8131704677',to_date('01-JAN-04','DD-MON-RR'));
Insert into BOOKS (BOOK_ID,BOOK_TITLE,BOOK_COST,BOOK_TYPE,PUBL_ID,BOOK_EDITION,BOOK_DISCOUNT,ISBN,PUBL_DATE) values ('B0102','Advanced UNIX Programming',465,'PR',11,'Second',12,'978-8131717059',to_date('01-JAN-04','DD-MON-RR'));
Insert into BOOKS (BOOK_ID,BOOK_TITLE,BOOK_COST,BOOK_TYPE,PUBL_ID,BOOK_EDITION,BOOK_DISCOUNT,ISBN,PUBL_DATE) values ('B0105','Unix Network Programming: Interprocess Communications V. 2',450,'PR',11,'Second',null,'978-8177583700',to_date('12-MAY-05','DD-MON-RR'));
Insert into BOOKS (BOOK_ID,BOOK_TITLE,BOOK_COST,BOOK_TYPE,PUBL_ID,BOOK_EDITION,BOOK_DISCOUNT,ISBN,PUBL_DATE) values ('B0106','Articles on Unix Network-Related Software',1298,'PR',11,'Second',null,'978-1242968501',to_date('29-AUG-11','DD-MON-RR'));
Insert into BOOKS (BOOK_ID,BOOK_TITLE,BOOK_COST,BOOK_TYPE,PUBL_ID,BOOK_EDITION,BOOK_DISCOUNT,ISBN,PUBL_DATE) values ('B0108','UNIX Network Programming Volume 2  Interprocess Communications',275,'PR',13,'Second',null,'978-8120320628',to_date('01-JAN-02','DD-MON-RR'));
Insert into BOOKS (BOOK_ID,BOOK_TITLE,BOOK_COST,BOOK_TYPE,PUBL_ID,BOOK_EDITION,BOOK_DISCOUNT,ISBN,PUBL_DATE) values ('B0109','File Structures An Object-Oriented Approach With C++',440,'PR',11,null,null,'978-8131759042',to_date('01-JAN-11','DD-MON-RR'));
Insert into BOOKS (BOOK_ID,BOOK_TITLE,BOOK_COST,BOOK_TYPE,PUBL_ID,BOOK_EDITION,BOOK_DISCOUNT,ISBN,PUBL_DATE) values ('B0110','Moodle 1.9 Multimedia Create and Share multimedia learning materials in your Moodle Courses',350,'PR',14,null,8,null,to_date('21-MAY-09','DD-MON-RR'));
Insert into BOOKS (BOOK_ID,BOOK_TITLE,BOOK_COST,BOOK_TYPE,PUBL_ID,BOOK_EDITION,BOOK_DISCOUNT,ISBN,PUBL_DATE) values ('B0111','Hunting Security Bugs',599,'NW',18,null,14,'978-0735621879',to_date('30-AUG-06','DD-MON-RR'));
Insert into BOOKS (BOOK_ID,BOOK_TITLE,BOOK_COST,BOOK_TYPE,PUBL_ID,BOOK_EDITION,BOOK_DISCOUNT,ISBN,PUBL_DATE) values ('B0112','Managing Projects With Microsoft Office Project 2007 - MCTS Self-Paced Training Kit(Exam 70-632)',595,'SE',13,null,14,'978-8120335585',to_date('01-JAN-08','DD-MON-RR'));
Insert into BOOKS (BOOK_ID,BOOK_TITLE,BOOK_COST,BOOK_TYPE,PUBL_ID,BOOK_EDITION,BOOK_DISCOUNT,ISBN,PUBL_DATE) values ('B0114','Understanding DB2 Learning Visualla With Examles',1357.67,'DB',11,'Second',15,'978-8131720523',to_date('01-JAN-11','DD-MON-RR'));
Insert into BOOKS (BOOK_ID,BOOK_TITLE,BOOK_COST,BOOK_TYPE,PUBL_ID,BOOK_EDITION,BOOK_DISCOUNT,ISBN,PUBL_DATE) values ('B0115','Cloud Computing with the Windows Azure TM Platform',399,'OS',18,null,12,'978-8126524075',to_date('26-NOV-09','DD-MON-RR'));
Insert into BOOKS (BOOK_ID,BOOK_TITLE,BOOK_COST,BOOK_TYPE,PUBL_ID,BOOK_EDITION,BOOK_DISCOUNT,ISBN,PUBL_DATE) values ('B0116','IBM Cognos 8 Business Intelligence The Official Guide',1307.39,'DB',15,null,15,'978-0070264823',to_date('01-JAN-08','DD-MON-RR'));
Insert into BOOKS (BOOK_ID,BOOK_TITLE,BOOK_COST,BOOK_TYPE,PUBL_ID,BOOK_EDITION,BOOK_DISCOUNT,ISBN,PUBL_DATE) values ('B0117','The Art Of Software Testing',499,'SE',18,'Second',12,'978-8126510061',to_date('28-NOV-06','DD-MON-RR'));
Insert into BOOKS (BOOK_ID,BOOK_TITLE,BOOK_COST,BOOK_TYPE,PUBL_ID,BOOK_EDITION,BOOK_DISCOUNT,ISBN,PUBL_DATE) values ('B0118','The Mythical Man-Month Essays on Software Engineering',299,'SE',11,null,8,'978-0201835953',to_date('02-AUG-95','DD-MON-RR'));
Insert into BOOKS (BOOK_ID,BOOK_TITLE,BOOK_COST,BOOK_TYPE,PUBL_ID,BOOK_EDITION,BOOK_DISCOUNT,ISBN,PUBL_DATE) values ('B0119','Active Directory Administrators Pocket Consultant',653.68,'DB',13,null,8,'978-8120337640',to_date('14-JAN-09','DD-MON-RR'));
Insert into BOOKS (BOOK_ID,BOOK_TITLE,BOOK_COST,BOOK_TYPE,PUBL_ID,BOOK_EDITION,BOOK_DISCOUNT,ISBN,PUBL_DATE) values ('B0120','Windows Small Business Server 2008',450,'OS',13,null,10,'978-0735625204',to_date('01-APR-09','DD-MON-RR'));
Insert into BOOKS (BOOK_ID,BOOK_TITLE,BOOK_COST,BOOK_TYPE,PUBL_ID,BOOK_EDITION,BOOK_DISCOUNT,ISBN,PUBL_DATE) values ('B0121','Introduction to Parallel Computing',445,'OS',11,'Second',9,'978-8131708071',to_date('01-JAN-07','DD-MON-RR'));
Insert into BOOKS (BOOK_ID,BOOK_TITLE,BOOK_COST,BOOK_TYPE,PUBL_ID,BOOK_EDITION,BOOK_DISCOUNT,ISBN,PUBL_DATE) values ('B0122','Data Structures and Algorithms',410,'PR',11,null,8,'978-8177588262',to_date('01-JAN-83','DD-MON-RR'));
Insert into BOOKS (BOOK_ID,BOOK_TITLE,BOOK_COST,BOOK_TYPE,PUBL_ID,BOOK_EDITION,BOOK_DISCOUNT,ISBN,PUBL_DATE) values ('B0124','Multimedia Computing, Communications & Applications',535,'NW',11,null,15,'978-8177584417',to_date('01-DEC-05','DD-MON-RR'));
Insert into BOOKS (BOOK_ID,BOOK_TITLE,BOOK_COST,BOOK_TYPE,PUBL_ID,BOOK_EDITION,BOOK_DISCOUNT,ISBN,PUBL_DATE) values ('B0125','Moodle 1.9 E-Learning Coures Development',450,'PR',14,null,10,'978-8184045710',null);
Insert into BOOKS (BOOK_ID,BOOK_TITLE,BOOK_COST,BOOK_TYPE,PUBL_ID,BOOK_EDITION,BOOK_DISCOUNT,ISBN,PUBL_DATE) values ('B0126','Distributed Systems Principles and Paradigms',395,'OS',13,'Second',9,'978-8120334984',to_date('01-JAN-08','DD-MON-RR'));
Insert into BOOKS (BOOK_ID,BOOK_TITLE,BOOK_COST,BOOK_TYPE,PUBL_ID,BOOK_EDITION,BOOK_DISCOUNT,ISBN,PUBL_DATE) values ('B0127','Team Development With Microsoft Visual Studio   Team Foundaton Server',525,'PR',13,null,15,'978-8120336841',to_date('01-JAN-08','DD-MON-RR'));
Insert into BOOKS (BOOK_ID,BOOK_TITLE,BOOK_COST,BOOK_TYPE,PUBL_ID,BOOK_EDITION,BOOK_DISCOUNT,ISBN,PUBL_DATE) values ('B0128','Beautiful Architecture   Leading Thinkers Reveal the Hidden Beauty in  Software Design        ',500,'SE',14,null,15,'978-8184046908',to_date('01-JAN-10','DD-MON-RR'));
Insert into BOOKS (BOOK_ID,BOOK_TITLE,BOOK_COST,BOOK_TYPE,PUBL_ID,BOOK_EDITION,BOOK_DISCOUNT,ISBN,PUBL_DATE) values ('B0129','Masterminds of Programming',450,'PR',14,null,12,'978-8184047028',to_date('14-APR-09','DD-MON-RR'));
Insert into BOOKS (BOOK_ID,BOOK_TITLE,BOOK_COST,BOOK_TYPE,PUBL_ID,BOOK_EDITION,BOOK_DISCOUNT,ISBN,PUBL_DATE) values ('B0130','Beautiful Security',350,'NW',14,null,10,'978-8184047110',to_date('01-JAN-09','DD-MON-RR'));
Insert into BOOKS (BOOK_ID,BOOK_TITLE,BOOK_COST,BOOK_TYPE,PUBL_ID,BOOK_EDITION,BOOK_DISCOUNT,ISBN,PUBL_DATE) values ('B0132','The New Age of Innovation',672.75,'GN',15,null,15,'978-0070248618',to_date('27-MAR-08','DD-MON-RR'));
Insert into BOOKS (BOOK_ID,BOOK_TITLE,BOOK_COST,BOOK_TYPE,PUBL_ID,BOOK_EDITION,BOOK_DISCOUNT,ISBN,PUBL_DATE) values ('B0133','The Innovator''s Dilemma',618.7,'GN',4,null,15,'978-0062060242',to_date('04-OCT-11','DD-MON-RR'));
Insert into BOOKS (BOOK_ID,BOOK_TITLE,BOOK_COST,BOOK_TYPE,PUBL_ID,BOOK_EDITION,BOOK_DISCOUNT,ISBN,PUBL_DATE) values ('B0134','Software Architecture in Practice',378,'SE',11,'Second',9,'978-8177589962',to_date('01-DEC-06','DD-MON-RR'));
Insert into BOOKS (BOOK_ID,BOOK_TITLE,BOOK_COST,BOOK_TYPE,PUBL_ID,BOOK_EDITION,BOOK_DISCOUNT,ISBN,PUBL_DATE) values ('B0135','The Black Swan The Impact of the Highly Improbable',458.85,'GN',10,null,null,'978-0141034591',to_date('28-FEB-08','DD-MON-RR'));
Insert into BOOKS (BOOK_ID,BOOK_TITLE,BOOK_COST,BOOK_TYPE,PUBL_ID,BOOK_EDITION,BOOK_DISCOUNT,ISBN,PUBL_DATE) values ('B0136','Fooled by Randomness The Hidden Role Of Chance in Life and in the Markets',343.85,'GN',10,'Second',null,'978-0141031484',to_date('03-MAY-07','DD-MON-RR'));
Insert into BOOKS (BOOK_ID,BOOK_TITLE,BOOK_COST,BOOK_TYPE,PUBL_ID,BOOK_EDITION,BOOK_DISCOUNT,ISBN,PUBL_DATE) values ('B0137','Freak on Omics A Rogue Economist Explores the Hidden Side Of Everything',218.5,'GN',10,null,null,'978-0141019017',to_date('18-JUN-07','DD-MON-RR'));
Insert into BOOKS (BOOK_ID,BOOK_TITLE,BOOK_COST,BOOK_TYPE,PUBL_ID,BOOK_EDITION,BOOK_DISCOUNT,ISBN,PUBL_DATE) values ('B0138','The Wealth Of Nations',420.61,'GN',2,null,null,'978-0553585971',to_date('04-MAR-03','DD-MON-RR'));
Insert into BOOKS (BOOK_ID,BOOK_TITLE,BOOK_COST,BOOK_TYPE,PUBL_ID,BOOK_EDITION,BOOK_DISCOUNT,ISBN,PUBL_DATE) values ('B0139','Understanding IPv6',495,'NW',13,'Second',12,'978-8120334632',to_date('22-JUN-12','DD-MON-RR'));
Insert into BOOKS (BOOK_ID,BOOK_TITLE,BOOK_COST,BOOK_TYPE,PUBL_ID,BOOK_EDITION,BOOK_DISCOUNT,ISBN,PUBL_DATE) values ('B0141','Professional Team Foundation Server',499,'PR',18,null,15,'978-0471919308',to_date('24-NOV-06','DD-MON-RR'));
Insert into BOOKS (BOOK_ID,BOOK_TITLE,BOOK_COST,BOOK_TYPE,PUBL_ID,BOOK_EDITION,BOOK_DISCOUNT,ISBN,PUBL_DATE) values ('B0142','The Mind''s I Fantasies and Reflections on Self and Soul',730.25,'GN',null,null,5,'978-0140062533',to_date('25-NOV-82','DD-MON-RR'));
Insert into BOOKS (BOOK_ID,BOOK_TITLE,BOOK_COST,BOOK_TYPE,PUBL_ID,BOOK_EDITION,BOOK_DISCOUNT,ISBN,PUBL_DATE) values ('B0143','Godel Escher Bach anEternal Golden Braid',943,'GN',null,null,null,'978-0140289206',to_date('30-MAR-00','DD-MON-RR'));
Insert into BOOKS (BOOK_ID,BOOK_TITLE,BOOK_COST,BOOK_TYPE,PUBL_ID,BOOK_EDITION,BOOK_DISCOUNT,ISBN,PUBL_DATE) values ('B0144','Programming Pearls',203,'PR',1,null,null,'978-0201657883',to_date('27-SEP-99','DD-MON-RR'));
Insert into BOOKS (BOOK_ID,BOOK_TITLE,BOOK_COST,BOOK_TYPE,PUBL_ID,BOOK_EDITION,BOOK_DISCOUNT,ISBN,PUBL_DATE) values ('B0145','Super Freakonomics',634.8,'GN',18,null,null,'978-0062312877',to_date('31-DEC-98','DD-MON-RR'));
Insert into BOOKS (BOOK_ID,BOOK_TITLE,BOOK_COST,BOOK_TYPE,PUBL_ID,BOOK_EDITION,BOOK_DISCOUNT,ISBN,PUBL_DATE) values ('B0146','Eclipse',276,'PR',14,null,8,'978-8173669019',to_date('10-AUG-04','DD-MON-RR'));
Insert into BOOKS (BOOK_ID,BOOK_TITLE,BOOK_COST,BOOK_TYPE,PUBL_ID,BOOK_EDITION,BOOK_DISCOUNT,ISBN,PUBL_DATE) values ('B0147','Professional Ajax',449,'PR',18,'Second',12,'978-8126512065',to_date('23-AUG-07','DD-MON-RR'));
Insert into BOOKS (BOOK_ID,BOOK_TITLE,BOOK_COST,BOOK_TYPE,PUBL_ID,BOOK_EDITION,BOOK_DISCOUNT,ISBN,PUBL_DATE) values ('B0149','Ajax A Beginner''s Guide',450,'PR',15,null,12,'978-0070139695',to_date('01-JAN-08','DD-MON-RR'));
Insert into BOOKS (BOOK_ID,BOOK_TITLE,BOOK_COST,BOOK_TYPE,PUBL_ID,BOOK_EDITION,BOOK_DISCOUNT,ISBN,PUBL_DATE) values ('B0150','Web Sphere Application Server',600,'OS',14,null,15,'978-8184041217',to_date('01-JAN-06','DD-MON-RR'));
Insert into BOOKS (BOOK_ID,BOOK_TITLE,BOOK_COST,BOOK_TYPE,PUBL_ID,BOOK_EDITION,BOOK_DISCOUNT,ISBN,PUBL_DATE) values ('B0151','Core Servlets and Java Server Pages',525,'PR',11,'Second',16,'978-8131701638',to_date('01-JAN-04','DD-MON-RR'));
Insert into BOOKS (BOOK_ID,BOOK_TITLE,BOOK_COST,BOOK_TYPE,PUBL_ID,BOOK_EDITION,BOOK_DISCOUNT,ISBN,PUBL_DATE) values ('B0152','File Structures An Object-Oriented Approach With C++',510,'PR',11,'Nineth',15,null,null);
Insert into BOOKS (BOOK_ID,BOOK_TITLE,BOOK_COST,BOOK_TYPE,PUBL_ID,BOOK_EDITION,BOOK_DISCOUNT,ISBN,PUBL_DATE) values ('B0153','UNIX Concepts and Applications',395,'OS',15,'Fourth',13,'978-0070635463',to_date('10-MAY-06','DD-MON-RR'));
Insert into BOOKS (BOOK_ID,BOOK_TITLE,BOOK_COST,BOOK_TYPE,PUBL_ID,BOOK_EDITION,BOOK_DISCOUNT,ISBN,PUBL_DATE) values ('B0154','The Complete Reference J2EE',595,'PR',15,null,14,'978-0070529120',to_date('01-JAN-02','DD-MON-RR'));
Insert into BOOKS (BOOK_ID,BOOK_TITLE,BOOK_COST,BOOK_TYPE,PUBL_ID,BOOK_EDITION,BOOK_DISCOUNT,ISBN,PUBL_DATE) values ('B0155','Operating Systems A Concept-Based Approach',395,'OS',23,'Second',13,'978-0070611948',to_date('01-JAN-06','DD-MON-RR'));
Insert into BOOKS (BOOK_ID,BOOK_TITLE,BOOK_COST,BOOK_TYPE,PUBL_ID,BOOK_EDITION,BOOK_DISCOUNT,ISBN,PUBL_DATE) values ('B0157','Python Create - Modify - Reuse',379,'PR',18,null,12,'978-8126518029',to_date('20-AUG-08','DD-MON-RR'));
Insert into BOOKS (BOOK_ID,BOOK_TITLE,BOOK_COST,BOOK_TYPE,PUBL_ID,BOOK_EDITION,BOOK_DISCOUNT,ISBN,PUBL_DATE) values ('B0158','CODE Complete',599,'PR',17,'Second',16,'978-9350041246',to_date('02-NOV-11','DD-MON-RR'));
Insert into BOOKS (BOOK_ID,BOOK_TITLE,BOOK_COST,BOOK_TYPE,PUBL_ID,BOOK_EDITION,BOOK_DISCOUNT,ISBN,PUBL_DATE) values ('B0159','The Complete Reference Java Script',625,'PR',15,'Second',18,'978-0070590274',to_date('01-JAN-04','DD-MON-RR'));
Insert into BOOKS (BOOK_ID,BOOK_TITLE,BOOK_COST,BOOK_TYPE,PUBL_ID,BOOK_EDITION,BOOK_DISCOUNT,ISBN,PUBL_DATE) values ('B0160','The Complete Reference Visual Basic NET',550,'PR',15,null,17,'978-0070495111',to_date('01-JAN-02','DD-MON-RR'));
Insert into BOOKS (BOOK_ID,BOOK_TITLE,BOOK_COST,BOOK_TYPE,PUBL_ID,BOOK_EDITION,BOOK_DISCOUNT,ISBN,PUBL_DATE) values ('B0161','Java For Artists The Art, Philosophy, And Science Of Object-Oriented Programming With Java',525,'PR',14,null,16,'978-8184045864',to_date('01-JAN-08','DD-MON-RR'));
Insert into BOOKS (BOOK_ID,BOOK_TITLE,BOOK_COST,BOOK_TYPE,PUBL_ID,BOOK_EDITION,BOOK_DISCOUNT,ISBN,PUBL_DATE) values ('B0162','Beginning Java Server Pages',549,'PR',18,null,17,'978-8126505838',to_date('26-FEB-05','DD-MON-RR'));
Insert into BOOKS (BOOK_ID,BOOK_TITLE,BOOK_COST,BOOK_TYPE,PUBL_ID,BOOK_EDITION,BOOK_DISCOUNT,ISBN,PUBL_DATE) values ('B0164','AS/400 A Practical Guide to Programming and Operations',225,'PR',14,null,null,'978-0471603092',to_date('29-OCT-93','DD-MON-RR'));
Insert into BOOKS (BOOK_ID,BOOK_TITLE,BOOK_COST,BOOK_TYPE,PUBL_ID,BOOK_EDITION,BOOK_DISCOUNT,ISBN,PUBL_DATE) values ('B0165','AS/400 Architecture & Application The Database Machine',502.84,'DB',14,null,null,'978-0471581413',to_date('29-OCT-93','DD-MON-RR'));
Insert into BOOKS (BOOK_ID,BOOK_TITLE,BOOK_COST,BOOK_TYPE,PUBL_ID,BOOK_EDITION,BOOK_DISCOUNT,ISBN,PUBL_DATE) values ('B0166','Fundamentals of Computer Algorithms',375,'PR',16,'Second',12,'978-8173716126',to_date('01-JAN-08','DD-MON-RR'));
Insert into BOOKS (BOOK_ID,BOOK_TITLE,BOOK_COST,BOOK_TYPE,PUBL_ID,BOOK_EDITION,BOOK_DISCOUNT,ISBN,PUBL_DATE) values ('B0167','Data Structures Using C',325,'PR',11,null,10,'978-8131703281',to_date('01-JAN-06','DD-MON-RR'));
Insert into BOOKS (BOOK_ID,BOOK_TITLE,BOOK_COST,BOOK_TYPE,PUBL_ID,BOOK_EDITION,BOOK_DISCOUNT,ISBN,PUBL_DATE) values ('B0168','Object-Oriented Software Engineering',550,'SE',11,null,15,'978-8131704080',to_date('01-JAN-92','DD-MON-RR'));
Insert into BOOKS (BOOK_ID,BOOK_TITLE,BOOK_COST,BOOK_TYPE,PUBL_ID,BOOK_EDITION,BOOK_DISCOUNT,ISBN,PUBL_DATE) values ('B0169','Silverrlight 2 Bible',449,'PR',18,null,13,'978-8126518913',to_date('25-NOV-08','DD-MON-RR'));
Insert into BOOKS (BOOK_ID,BOOK_TITLE,BOOK_COST,BOOK_TYPE,PUBL_ID,BOOK_EDITION,BOOK_DISCOUNT,ISBN,PUBL_DATE) values ('B0170','UNIX Shells by Example',850,'PR',18,'Fourth',20,'978-8131725269',null);
Insert into BOOKS (BOOK_ID,BOOK_TITLE,BOOK_COST,BOOK_TYPE,PUBL_ID,BOOK_EDITION,BOOK_DISCOUNT,ISBN,PUBL_DATE) values ('B0171','Data Structures A Pseudocode Approach With C++',433,'PR',3,null,14,'978-9812406446',to_date('01-JAN-01','DD-MON-RR'));
Insert into BOOKS (BOOK_ID,BOOK_TITLE,BOOK_COST,BOOK_TYPE,PUBL_ID,BOOK_EDITION,BOOK_DISCOUNT,ISBN,PUBL_DATE) values ('B0173','3ds max 7 Bible',549,'PR',18,null,null,'978-8126505975',to_date('01-JAN-05','DD-MON-RR'));
Insert into BOOKS (BOOK_ID,BOOK_TITLE,BOOK_COST,BOOK_TYPE,PUBL_ID,BOOK_EDITION,BOOK_DISCOUNT,ISBN,PUBL_DATE) values ('B0174','Macromedia Flash MX 2004 Bible',529,'PR',18,null,null,'978-0072222661',to_date('22-MAR-02','DD-MON-RR'));
Insert into BOOKS (BOOK_ID,BOOK_TITLE,BOOK_COST,BOOK_TYPE,PUBL_ID,BOOK_EDITION,BOOK_DISCOUNT,ISBN,PUBL_DATE) values ('B0175','Building the Data Warehouse',714.04,'DB',18,'Fourth',9,'978-8126506453',to_date('10-OCT-05','DD-MON-RR'));
Insert into BOOKS (BOOK_ID,BOOK_TITLE,BOOK_COST,BOOK_TYPE,PUBL_ID,BOOK_EDITION,BOOK_DISCOUNT,ISBN,PUBL_DATE) values ('B0177','Beginning ASP. Net 4 in C# and VB',494,'PR',18,null,12,'978-8126526055',to_date('22-APR-10','DD-MON-RR'));
Insert into BOOKS (BOOK_ID,BOOK_TITLE,BOOK_COST,BOOK_TYPE,PUBL_ID,BOOK_EDITION,BOOK_DISCOUNT,ISBN,PUBL_DATE) values ('B0178','ASP. NET 3.5 A Beginner''s Guide',418,'PR',15,null,10,'978-0070140684',to_date('15-DEC-08','DD-MON-RR'));
Insert into BOOKS (BOOK_ID,BOOK_TITLE,BOOK_COST,BOOK_TYPE,PUBL_ID,BOOK_EDITION,BOOK_DISCOUNT,ISBN,PUBL_DATE) values ('B0179','Understanding. NET',373,'PR',1,'Second',9,'978-0201741629',to_date('31-JAN-02','DD-MON-RR'));
Insert into BOOKS (BOOK_ID,BOOK_TITLE,BOOK_COST,BOOK_TYPE,PUBL_ID,BOOK_EDITION,BOOK_DISCOUNT,ISBN,PUBL_DATE) values ('B0180','Microsoft Exchange Server 2007 Administrator''s Pocket Consultant',375,'OS',13,null,9,'978-0735625860',to_date('01-JAN-08','DD-MON-RR'));
Insert into BOOKS (BOOK_ID,BOOK_TITLE,BOOK_COST,BOOK_TYPE,PUBL_ID,BOOK_EDITION,BOOK_DISCOUNT,ISBN,PUBL_DATE) values ('B0182','Microsoft Power Shell, VBScript, and Jscript . Bible',494,'PR',18,null,12,'978-8126521708',to_date('26-JUN-09','DD-MON-RR'));
Insert into BOOKS (BOOK_ID,BOOK_TITLE,BOOK_COST,BOOK_TYPE,PUBL_ID,BOOK_EDITION,BOOK_DISCOUNT,ISBN,PUBL_DATE) values ('B0184','Internet Information Services (IIS) 7.0 Administrator''s Pocket Consultant',319,'NW',13,null,8,'978-8120334472',to_date('01-JAN-08','DD-MON-RR'));
Insert into BOOKS (BOOK_ID,BOOK_TITLE,BOOK_COST,BOOK_TYPE,PUBL_ID,BOOK_EDITION,BOOK_DISCOUNT,ISBN,PUBL_DATE) values ('B0185','Microsoft. NET Framework 3.5-ASP. NET Application Development',795,'PR',13,null,18,'978-8120338050',to_date('01-JAN-09','DD-MON-RR'));
Insert into BOOKS (BOOK_ID,BOOK_TITLE,BOOK_COST,BOOK_TYPE,PUBL_ID,BOOK_EDITION,BOOK_DISCOUNT,ISBN,PUBL_DATE) values ('B0186','Head First Servlets & JSP',455,'PR',14,'Second',12,'978-8184044973',to_date('15-MAR-08','DD-MON-RR'));
Insert into BOOKS (BOOK_ID,BOOK_TITLE,BOOK_COST,BOOK_TYPE,PUBL_ID,BOOK_EDITION,BOOK_DISCOUNT,ISBN,PUBL_DATE) values ('B0188','Data Base Tuning Principles, Experiments, & Troubleshooting Techniques',716.04,'DB',22,null,8,'978-8181473240',to_date('01-JAN-04','DD-MON-RR'));
Insert into BOOKS (BOOK_ID,BOOK_TITLE,BOOK_COST,BOOK_TYPE,PUBL_ID,BOOK_EDITION,BOOK_DISCOUNT,ISBN,PUBL_DATE) values ('B0189','Professional ADO. NET2 Programming With SQL Server 2005, Oracle, & MySQL',529,'PR',18,null,12,'978-8126506873',to_date('16-DEC-05','DD-MON-RR'));
Insert into BOOKS (BOOK_ID,BOOK_TITLE,BOOK_COST,BOOK_TYPE,PUBL_ID,BOOK_EDITION,BOOK_DISCOUNT,ISBN,PUBL_DATE) values ('B0191','Practice Exams Java',1294,'PR',23,null,25,'978-8177228779',to_date('11-MAR-11','DD-MON-RR'));
Insert into BOOKS (BOOK_ID,BOOK_TITLE,BOOK_COST,BOOK_TYPE,PUBL_ID,BOOK_EDITION,BOOK_DISCOUNT,ISBN,PUBL_DATE) values ('B0194','Core Java Volume 1 - Fundamentals',552,'PR',11,'Eighth',14,'978-8131719459',to_date('01-JAN-08','DD-MON-RR'));
Insert into BOOKS (BOOK_ID,BOOK_TITLE,BOOK_COST,BOOK_TYPE,PUBL_ID,BOOK_EDITION,BOOK_DISCOUNT,ISBN,PUBL_DATE) values ('B0195','Service Oriented Architecture With Java',238,'PR',14,null,null,'978-8184045758',to_date('01-JAN-08','DD-MON-RR'));
Insert into BOOKS (BOOK_ID,BOOK_TITLE,BOOK_COST,BOOK_TYPE,PUBL_ID,BOOK_EDITION,BOOK_DISCOUNT,ISBN,PUBL_DATE) values ('B0196','Service- Oriented Architecture Concepts, Technology, and Design',390,'SE',11,null,8,'978-8131714904',to_date('01-JAN-07','DD-MON-RR'));
Insert into BOOKS (BOOK_ID,BOOK_TITLE,BOOK_COST,BOOK_TYPE,PUBL_ID,BOOK_EDITION,BOOK_DISCOUNT,ISBN,PUBL_DATE) values ('B0197','SOA Design Patterns',958,'PR',12,null,18,'978-0136135166',to_date('31-DEC-08','DD-MON-RR'));
Insert into BOOKS (BOOK_ID,BOOK_TITLE,BOOK_COST,BOOK_TYPE,PUBL_ID,BOOK_EDITION,BOOK_DISCOUNT,ISBN,PUBL_DATE) values ('B0198','Business Rules Management and Service Oriented Architecture',332,'SE',18,null,9,'978-8126512997',to_date('01-JAN-07','DD-MON-RR'));
Insert into BOOKS (BOOK_ID,BOOK_TITLE,BOOK_COST,BOOK_TYPE,PUBL_ID,BOOK_EDITION,BOOK_DISCOUNT,ISBN,PUBL_DATE) values ('B0201','The Complete Reference Java',396,'PR',15,'Seventh',10,'978-0070636774',to_date('15-DEC-06','DD-MON-RR'));
Insert into BOOKS (BOOK_ID,BOOK_TITLE,BOOK_COST,BOOK_TYPE,PUBL_ID,BOOK_EDITION,BOOK_DISCOUNT,ISBN,PUBL_DATE) values ('B0202','SQL & PL/SQL for Oracle 10g Black Book',957.41,'DB',7,null,12,'978-8177227109',to_date('14-NOV-06','DD-MON-RR'));
Insert into BOOKS (BOOK_ID,BOOK_TITLE,BOOK_COST,BOOK_TYPE,PUBL_ID,BOOK_EDITION,BOOK_DISCOUNT,ISBN,PUBL_DATE) values ('B0203','Understanding SOA With Web Services',339,'SE',11,null,10,'978-8131711132',to_date('01-JAN-05','DD-MON-RR'));
Insert into BOOKS (BOOK_ID,BOOK_TITLE,BOOK_COST,BOOK_TYPE,PUBL_ID,BOOK_EDITION,BOOK_DISCOUNT,ISBN,PUBL_DATE) values ('B0205','Transaction Processing Concepts & Techniques',13375.52,'DB',9,null,25,'978-1558601901',to_date('30-SEP-92','DD-MON-RR'));
Insert into BOOKS (BOOK_ID,BOOK_TITLE,BOOK_COST,BOOK_TYPE,PUBL_ID,BOOK_EDITION,BOOK_DISCOUNT,ISBN,PUBL_DATE) values ('B0206','Head First C#',440,'PR',14,'Second',10,'978-9350230350',to_date('14-MAY-10','DD-MON-RR'));
Insert into BOOKS (BOOK_ID,BOOK_TITLE,BOOK_COST,BOOK_TYPE,PUBL_ID,BOOK_EDITION,BOOK_DISCOUNT,ISBN,PUBL_DATE) values ('B0207','Programming ASP. NET 3.5',585,'PR',14,'Fourth',15,'978-8184046113',to_date('01-JAN-08','DD-MON-RR'));
Insert into BOOKS (BOOK_ID,BOOK_TITLE,BOOK_COST,BOOK_TYPE,PUBL_ID,BOOK_EDITION,BOOK_DISCOUNT,ISBN,PUBL_DATE) values ('B0208','Pro C# 2010 and the .NET 4 Platform',559,'PR',21,'Fifth',15,'978-8184897203',to_date('07-OCT-10','DD-MON-RR'));
Insert into BOOKS (BOOK_ID,BOOK_TITLE,BOOK_COST,BOOK_TYPE,PUBL_ID,BOOK_EDITION,BOOK_DISCOUNT,ISBN,PUBL_DATE) values ('B0209','Learning ASP.NET 3.5',360,'PR',14,'Second',9,'978-8184045666',to_date('01-JAN-08','DD-MON-RR'));
Insert into BOOKS (BOOK_ID,BOOK_TITLE,BOOK_COST,BOOK_TYPE,PUBL_ID,BOOK_EDITION,BOOK_DISCOUNT,ISBN,PUBL_DATE) values ('B0212','Cocoa and Objectve - C  Up and Running',446,'PR',14,null,12,'978-9350230152',to_date('07-APR-10','DD-MON-RR'));
Insert into BOOKS (BOOK_ID,BOOK_TITLE,BOOK_COST,BOOK_TYPE,PUBL_ID,BOOK_EDITION,BOOK_DISCOUNT,ISBN,PUBL_DATE) values ('B0213','Programming in Objective-C 2.0',1601,'PR',1,'Second',20,'978-8131770672',to_date('29-DEC-08','DD-MON-RR'));
Insert into BOOKS (BOOK_ID,BOOK_TITLE,BOOK_COST,BOOK_TYPE,PUBL_ID,BOOK_EDITION,BOOK_DISCOUNT,ISBN,PUBL_DATE) values ('B0220','Best thing about you is you',402.5,'GN',null,null,null,null,null);
Insert into BOOKS (BOOK_ID,BOOK_TITLE,BOOK_COST,BOOK_TYPE,PUBL_ID,BOOK_EDITION,BOOK_DISCOUNT,ISBN,PUBL_DATE) values ('B0215','Oracle Tuning',1136.41,'DB',null,null,null,null,null);
Insert into BOOKS (BOOK_ID,BOOK_TITLE,BOOK_COST,BOOK_TYPE,PUBL_ID,BOOK_EDITION,BOOK_DISCOUNT,ISBN,PUBL_DATE) values ('B0219','Oracle DB Tuning',669.78,'DB',1,null,null,null,null);
Insert into BOOKS (BOOK_ID,BOOK_TITLE,BOOK_COST,BOOK_TYPE,PUBL_ID,BOOK_EDITION,BOOK_DISCOUNT,ISBN,PUBL_DATE) values ('B0218','Harry Potter',343,null,43,null,null,null,null);
Insert into BOOKS (BOOK_ID,BOOK_TITLE,BOOK_COST,BOOK_TYPE,PUBL_ID,BOOK_EDITION,BOOK_DISCOUNT,ISBN,PUBL_DATE) values ('B0214','Data Mining',225,'DB',10,'First',10,null,null);
Insert into BOOKS (BOOK_ID,BOOK_TITLE,BOOK_COST,BOOK_TYPE,PUBL_ID,BOOK_EDITION,BOOK_DISCOUNT,ISBN,PUBL_DATE) values ('B0216','Linux System',453.23,'OS',5,'First',null,null,null);
Insert into BOOKS (BOOK_ID,BOOK_TITLE,BOOK_COST,BOOK_TYPE,PUBL_ID,BOOK_EDITION,BOOK_DISCOUNT,ISBN,PUBL_DATE) values ('B00300','DB2 Programming',180.99,'DB',2,'THIRD',null,null,null);
Insert into BOOKS (BOOK_ID,BOOK_TITLE,BOOK_COST,BOOK_TYPE,PUBL_ID,BOOK_EDITION,BOOK_DISCOUNT,ISBN,PUBL_DATE) values ('B0217','Windows Developers Guide',343,'OS',11,null,null,null,null);

REM INSERTING into BOOK_SALES
Insert into BOOK_SALES (SALES_ID,BOOK_ID,CUST_ID,QTY,PURCHASE_DATE) values (10127,'B0143',1010,2,to_date('06-JAN-11','DD-MON-RR'));
Insert into BOOK_SALES (SALES_ID,BOOK_ID,CUST_ID,QTY,PURCHASE_DATE) values (10135,'B0040',1001,2,to_date('05-FEB-11','DD-MON-RR'));
Insert into BOOK_SALES (SALES_ID,BOOK_ID,CUST_ID,QTY,PURCHASE_DATE) values (10143,'B0145',1017,6,to_date('24-FEB-11','DD-MON-RR'));
Insert into BOOK_SALES (SALES_ID,BOOK_ID,CUST_ID,QTY,PURCHASE_DATE) values (10152,'B0136',1020,1,to_date('25-DEC-10','DD-MON-RR'));
Insert into BOOK_SALES (SALES_ID,BOOK_ID,CUST_ID,QTY,PURCHASE_DATE) values (10158,'B0081',1008,6,to_date('18-DEC-10','DD-MON-RR'));
Insert into BOOK_SALES (SALES_ID,BOOK_ID,CUST_ID,QTY,PURCHASE_DATE) values (10168,'B0129',1013,5,to_date('20-FEB-11','DD-MON-RR'));
Insert into BOOK_SALES (SALES_ID,BOOK_ID,CUST_ID,QTY,PURCHASE_DATE) values (10175,'B0069',1006,4,to_date('08-DEC-10','DD-MON-RR'));
Insert into BOOK_SALES (SALES_ID,BOOK_ID,CUST_ID,QTY,PURCHASE_DATE) values (10184,'B0068',1007,4,to_date('05-FEB-11','DD-MON-RR'));
Insert into BOOK_SALES (SALES_ID,BOOK_ID,CUST_ID,QTY,PURCHASE_DATE) values (10192,'B0062',1012,3,to_date('13-JAN-11','DD-MON-RR'));
Insert into BOOK_SALES (SALES_ID,BOOK_ID,CUST_ID,QTY,PURCHASE_DATE) values (10203,'B0059',1010,5,to_date('08-DEC-10','DD-MON-RR'));
Insert into BOOK_SALES (SALES_ID,BOOK_ID,CUST_ID,QTY,PURCHASE_DATE) values (10210,'B0011',1012,6,to_date('07-DEC-10','DD-MON-RR'));
Insert into BOOK_SALES (SALES_ID,BOOK_ID,CUST_ID,QTY,PURCHASE_DATE) values (10220,'B0132',1010,5,to_date('10-FEB-11','DD-MON-RR'));
Insert into BOOK_SALES (SALES_ID,BOOK_ID,CUST_ID,QTY,PURCHASE_DATE) values (10226,'B0067',1012,2,to_date('14-JAN-11','DD-MON-RR'));
Insert into BOOK_SALES (SALES_ID,BOOK_ID,CUST_ID,QTY,PURCHASE_DATE) values (10253,'B0200',1005,2,to_date('09-AUG-11','DD-MON-RR'));
Insert into BOOK_SALES (SALES_ID,BOOK_ID,CUST_ID,QTY,PURCHASE_DATE) values (10270,'B0200',1005,2,to_date('20-MAR-12','DD-MON-RR'));
Insert into BOOK_SALES (SALES_ID,BOOK_ID,CUST_ID,QTY,PURCHASE_DATE) values (10310,'B0200',1005,2,to_date('05-APR-12','DD-MON-RR'));
Insert into BOOK_SALES (SALES_ID,BOOK_ID,CUST_ID,QTY,PURCHASE_DATE) values (10290,'B0200',1005,2,to_date('21-MAR-12','DD-MON-RR'));
Insert into BOOK_SALES (SALES_ID,BOOK_ID,CUST_ID,QTY,PURCHASE_DATE) values (10291,'B0200',1005,2,to_date('21-MAR-12','DD-MON-RR'));
Insert into BOOK_SALES (SALES_ID,BOOK_ID,CUST_ID,QTY,PURCHASE_DATE) values (10311,'B0200',1005,2,to_date('05-APR-12','DD-MON-RR'));
Insert into BOOK_SALES (SALES_ID,BOOK_ID,CUST_ID,QTY,PURCHASE_DATE) values (10312,'B0200',1005,2,to_date('05-APR-12','DD-MON-RR'));
Insert into BOOK_SALES (SALES_ID,BOOK_ID,CUST_ID,QTY,PURCHASE_DATE) values (10254,'B0200',1005,2,to_date('09-AUG-11','DD-MON-RR'));
Insert into BOOK_SALES (SALES_ID,BOOK_ID,CUST_ID,QTY,PURCHASE_DATE) values (10255,'B0200',1005,2,to_date('09-AUG-11','DD-MON-RR'));
Insert into BOOK_SALES (SALES_ID,BOOK_ID,CUST_ID,QTY,PURCHASE_DATE) values (10001,'B0001',1001,3,to_date('01-JAN-10','DD-MON-RR'));
Insert into BOOK_SALES (SALES_ID,BOOK_ID,CUST_ID,QTY,PURCHASE_DATE) values (10002,'B0020',1001,1,to_date('15-JAN-10','DD-MON-RR'));
Insert into BOOK_SALES (SALES_ID,BOOK_ID,CUST_ID,QTY,PURCHASE_DATE) values (10006,'B0150',1004,2,to_date('21-MAY-10','DD-MON-RR'));
Insert into BOOK_SALES (SALES_ID,BOOK_ID,CUST_ID,QTY,PURCHASE_DATE) values (10007,'B0008',1003,1,to_date('27-MAY-10','DD-MON-RR'));
Insert into BOOK_SALES (SALES_ID,BOOK_ID,CUST_ID,QTY,PURCHASE_DATE) values (10008,'B0201',1003,1,to_date('31-MAY-10','DD-MON-RR'));
Insert into BOOK_SALES (SALES_ID,BOOK_ID,CUST_ID,QTY,PURCHASE_DATE) values (10009,'B0079',1004,1,to_date('01-JUN-10','DD-MON-RR'));
Insert into BOOK_SALES (SALES_ID,BOOK_ID,CUST_ID,QTY,PURCHASE_DATE) values (10012,'B0211',1010,2,to_date('03-JUL-10','DD-MON-RR'));
Insert into BOOK_SALES (SALES_ID,BOOK_ID,CUST_ID,QTY,PURCHASE_DATE) values (10013,'B0198',1002,5,to_date('01-AUG-10','DD-MON-RR'));
Insert into BOOK_SALES (SALES_ID,BOOK_ID,CUST_ID,QTY,PURCHASE_DATE) values (10014,'B0068',1008,2,to_date('01-OCT-10','DD-MON-RR'));
Insert into BOOK_SALES (SALES_ID,BOOK_ID,CUST_ID,QTY,PURCHASE_DATE) values (10015,'B0093',1009,1,to_date('04-NOV-10','DD-MON-RR'));
Insert into BOOK_SALES (SALES_ID,BOOK_ID,CUST_ID,QTY,PURCHASE_DATE) values (10018,'B0169',1006,3,to_date('11-FEB-11','DD-MON-RR'));
Insert into BOOK_SALES (SALES_ID,BOOK_ID,CUST_ID,QTY,PURCHASE_DATE) values (10020,'B0088',1015,1,to_date('19-APR-11','DD-MON-RR'));
Insert into BOOK_SALES (SALES_ID,BOOK_ID,CUST_ID,QTY,PURCHASE_DATE) values (10021,'B0213',1013,2,to_date('25-MAY-11','DD-MON-RR'));
Insert into BOOK_SALES (SALES_ID,BOOK_ID,CUST_ID,QTY,PURCHASE_DATE) values (10022,'B0120',1009,1,to_date('01-JUN-11','DD-MON-RR'));
Insert into BOOK_SALES (SALES_ID,BOOK_ID,CUST_ID,QTY,PURCHASE_DATE) values (10024,'B0039',1016,7,to_date('01-JUL-11','DD-MON-RR'));
Insert into BOOK_SALES (SALES_ID,BOOK_ID,CUST_ID,QTY,PURCHASE_DATE) values (10025,'B0189',1020,2,to_date('15-JUL-11','DD-MON-RR'));
Insert into BOOK_SALES (SALES_ID,BOOK_ID,CUST_ID,QTY,PURCHASE_DATE) values (10027,'B0153',1015,1,to_date('08-JAN-11','DD-MON-RR'));
Insert into BOOK_SALES (SALES_ID,BOOK_ID,CUST_ID,QTY,PURCHASE_DATE) values (10028,'B0131',1004,5,to_date('31-JAN-11','DD-MON-RR'));
Insert into BOOK_SALES (SALES_ID,BOOK_ID,CUST_ID,QTY,PURCHASE_DATE) values (10030,'B0108',1005,4,to_date('14-JAN-11','DD-MON-RR'));
Insert into BOOK_SALES (SALES_ID,BOOK_ID,CUST_ID,QTY,PURCHASE_DATE) values (10032,'B0173',1002,2,to_date('23-FEB-11','DD-MON-RR'));
Insert into BOOK_SALES (SALES_ID,BOOK_ID,CUST_ID,QTY,PURCHASE_DATE) values (10033,'B0157',1017,1,to_date('08-JAN-11','DD-MON-RR'));
Insert into BOOK_SALES (SALES_ID,BOOK_ID,CUST_ID,QTY,PURCHASE_DATE) values (10035,'B0068',1012,1,to_date('21-DEC-10','DD-MON-RR'));
Insert into BOOK_SALES (SALES_ID,BOOK_ID,CUST_ID,QTY,PURCHASE_DATE) values (10036,'B0066',1011,2,to_date('18-JAN-11','DD-MON-RR'));
Insert into BOOK_SALES (SALES_ID,BOOK_ID,CUST_ID,QTY,PURCHASE_DATE) values (10038,'B0210',1004,1,to_date('08-FEB-11','DD-MON-RR'));
Insert into BOOK_SALES (SALES_ID,BOOK_ID,CUST_ID,QTY,PURCHASE_DATE) values (10039,'B0106',1002,4,to_date('23-JAN-11','DD-MON-RR'));
Insert into BOOK_SALES (SALES_ID,BOOK_ID,CUST_ID,QTY,PURCHASE_DATE) values (10040,'B0129',1011,5,to_date('30-DEC-10','DD-MON-RR'));
Insert into BOOK_SALES (SALES_ID,BOOK_ID,CUST_ID,QTY,PURCHASE_DATE) values (10043,'B0095',1003,7,to_date('02-FEB-11','DD-MON-RR'));
Insert into BOOK_SALES (SALES_ID,BOOK_ID,CUST_ID,QTY,PURCHASE_DATE) values (10045,'B0057',1005,2,to_date('11-FEB-11','DD-MON-RR'));
Insert into BOOK_SALES (SALES_ID,BOOK_ID,CUST_ID,QTY,PURCHASE_DATE) values (10046,'B0023',1009,3,to_date('14-DEC-10','DD-MON-RR'));
Insert into BOOK_SALES (SALES_ID,BOOK_ID,CUST_ID,QTY,PURCHASE_DATE) values (10047,'B0087',1003,1,to_date('13-JAN-11','DD-MON-RR'));
Insert into BOOK_SALES (SALES_ID,BOOK_ID,CUST_ID,QTY,PURCHASE_DATE) values (10048,'B0024',1005,3,to_date('19-JAN-11','DD-MON-RR'));
Insert into BOOK_SALES (SALES_ID,BOOK_ID,CUST_ID,QTY,PURCHASE_DATE) values (10051,'B0003',1011,5,to_date('11-JAN-11','DD-MON-RR'));
Insert into BOOK_SALES (SALES_ID,BOOK_ID,CUST_ID,QTY,PURCHASE_DATE) values (10052,'B0107',1002,1,to_date('14-DEC-10','DD-MON-RR'));
Insert into BOOK_SALES (SALES_ID,BOOK_ID,CUST_ID,QTY,PURCHASE_DATE) values (10053,'B0110',1014,1,to_date('19-JAN-11','DD-MON-RR'));
Insert into BOOK_SALES (SALES_ID,BOOK_ID,CUST_ID,QTY,PURCHASE_DATE) values (10055,'B0050',1007,4,to_date('28-DEC-10','DD-MON-RR'));
Insert into BOOK_SALES (SALES_ID,BOOK_ID,CUST_ID,QTY,PURCHASE_DATE) values (10058,'B0022',1011,6,to_date('26-JAN-11','DD-MON-RR'));
Insert into BOOK_SALES (SALES_ID,BOOK_ID,CUST_ID,QTY,PURCHASE_DATE) values (10059,'B0050',1009,5,to_date('23-FEB-11','DD-MON-RR'));
Insert into BOOK_SALES (SALES_ID,BOOK_ID,CUST_ID,QTY,PURCHASE_DATE) values (10060,'B0015',1011,2,to_date('23-FEB-11','DD-MON-RR'));
Insert into BOOK_SALES (SALES_ID,BOOK_ID,CUST_ID,QTY,PURCHASE_DATE) values (10061,'B0046',1013,4,to_date('12-JAN-11','DD-MON-RR'));
Insert into BOOK_SALES (SALES_ID,BOOK_ID,CUST_ID,QTY,PURCHASE_DATE) values (10063,'B0072',1008,2,to_date('21-DEC-10','DD-MON-RR'));
Insert into BOOK_SALES (SALES_ID,BOOK_ID,CUST_ID,QTY,PURCHASE_DATE) values (10065,'B0029',1015,5,to_date('10-JAN-11','DD-MON-RR'));
Insert into BOOK_SALES (SALES_ID,BOOK_ID,CUST_ID,QTY,PURCHASE_DATE) values (10066,'B0136',1008,5,to_date('23-DEC-10','DD-MON-RR'));
Insert into BOOK_SALES (SALES_ID,BOOK_ID,CUST_ID,QTY,PURCHASE_DATE) values (10068,'B0168',1016,5,to_date('20-JAN-11','DD-MON-RR'));
Insert into BOOK_SALES (SALES_ID,BOOK_ID,CUST_ID,QTY,PURCHASE_DATE) values (10070,'B0035',1001,6,to_date('05-JAN-11','DD-MON-RR'));
Insert into BOOK_SALES (SALES_ID,BOOK_ID,CUST_ID,QTY,PURCHASE_DATE) values (10072,'B0142',1005,2,to_date('04-FEB-11','DD-MON-RR'));
Insert into BOOK_SALES (SALES_ID,BOOK_ID,CUST_ID,QTY,PURCHASE_DATE) values (10073,'B0112',1017,1,to_date('15-DEC-10','DD-MON-RR'));
Insert into BOOK_SALES (SALES_ID,BOOK_ID,CUST_ID,QTY,PURCHASE_DATE) values (10074,'B0151',1013,5,to_date('14-DEC-10','DD-MON-RR'));
Insert into BOOK_SALES (SALES_ID,BOOK_ID,CUST_ID,QTY,PURCHASE_DATE) values (10076,'B0168',1013,6,to_date('20-FEB-11','DD-MON-RR'));
Insert into BOOK_SALES (SALES_ID,BOOK_ID,CUST_ID,QTY,PURCHASE_DATE) values (10077,'B0117',1013,4,to_date('23-DEC-10','DD-MON-RR'));
Insert into BOOK_SALES (SALES_ID,BOOK_ID,CUST_ID,QTY,PURCHASE_DATE) values (10078,'B0063',1010,5,to_date('06-FEB-11','DD-MON-RR'));
Insert into BOOK_SALES (SALES_ID,BOOK_ID,CUST_ID,QTY,PURCHASE_DATE) values (10081,'B0015',1013,5,to_date('23-JAN-11','DD-MON-RR'));
Insert into BOOK_SALES (SALES_ID,BOOK_ID,CUST_ID,QTY,PURCHASE_DATE) values (10082,'B0047',1001,1,to_date('07-DEC-10','DD-MON-RR'));
Insert into BOOK_SALES (SALES_ID,BOOK_ID,CUST_ID,QTY,PURCHASE_DATE) values (10084,'B0212',1004,2,to_date('10-JAN-11','DD-MON-RR'));
Insert into BOOK_SALES (SALES_ID,BOOK_ID,CUST_ID,QTY,PURCHASE_DATE) values (10085,'B0201',1016,2,to_date('29-DEC-10','DD-MON-RR'));
Insert into BOOK_SALES (SALES_ID,BOOK_ID,CUST_ID,QTY,PURCHASE_DATE) values (10087,'B0156',1010,5,to_date('19-JAN-11','DD-MON-RR'));
Insert into BOOK_SALES (SALES_ID,BOOK_ID,CUST_ID,QTY,PURCHASE_DATE) values (10088,'B0012',1016,6,to_date('04-FEB-11','DD-MON-RR'));
Insert into BOOK_SALES (SALES_ID,BOOK_ID,CUST_ID,QTY,PURCHASE_DATE) values (10090,'B0166',1012,7,to_date('09-JAN-11','DD-MON-RR'));
Insert into BOOK_SALES (SALES_ID,BOOK_ID,CUST_ID,QTY,PURCHASE_DATE) values (10091,'B0136',1012,5,to_date('05-DEC-10','DD-MON-RR'));
Insert into BOOK_SALES (SALES_ID,BOOK_ID,CUST_ID,QTY,PURCHASE_DATE) values (10093,'B0080',1011,2,to_date('27-DEC-10','DD-MON-RR'));
Insert into BOOK_SALES (SALES_ID,BOOK_ID,CUST_ID,QTY,PURCHASE_DATE) values (10095,'B0073',1014,4,to_date('17-JAN-11','DD-MON-RR'));
Insert into BOOK_SALES (SALES_ID,BOOK_ID,CUST_ID,QTY,PURCHASE_DATE) values (10097,'B0119',1010,2,to_date('05-JAN-11','DD-MON-RR'));
Insert into BOOK_SALES (SALES_ID,BOOK_ID,CUST_ID,QTY,PURCHASE_DATE) values (10098,'B0083',1006,1,to_date('02-MAR-11','DD-MON-RR'));
Insert into BOOK_SALES (SALES_ID,BOOK_ID,CUST_ID,QTY,PURCHASE_DATE) values (10099,'B0168',1015,1,to_date('13-DEC-10','DD-MON-RR'));
Insert into BOOK_SALES (SALES_ID,BOOK_ID,CUST_ID,QTY,PURCHASE_DATE) values (10100,'B0003',1014,5,to_date('04-FEB-11','DD-MON-RR'));
Insert into BOOK_SALES (SALES_ID,BOOK_ID,CUST_ID,QTY,PURCHASE_DATE) values (10103,'B0191',1013,2,to_date('23-DEC-10','DD-MON-RR'));
Insert into BOOK_SALES (SALES_ID,BOOK_ID,CUST_ID,QTY,PURCHASE_DATE) values (10104,'B0007',1002,7,to_date('17-DEC-10','DD-MON-RR'));
Insert into BOOK_SALES (SALES_ID,BOOK_ID,CUST_ID,QTY,PURCHASE_DATE) values (10106,'B0082',1002,3,to_date('06-JAN-11','DD-MON-RR'));
Insert into BOOK_SALES (SALES_ID,BOOK_ID,CUST_ID,QTY,PURCHASE_DATE) values (10107,'B0179',1015,5,to_date('31-DEC-10','DD-MON-RR'));
Insert into BOOK_SALES (SALES_ID,BOOK_ID,CUST_ID,QTY,PURCHASE_DATE) values (10110,'B0001',1006,7,to_date('23-JAN-11','DD-MON-RR'));
Insert into BOOK_SALES (SALES_ID,BOOK_ID,CUST_ID,QTY,PURCHASE_DATE) values (10111,'B0140',1001,7,to_date('28-JAN-11','DD-MON-RR'));
Insert into BOOK_SALES (SALES_ID,BOOK_ID,CUST_ID,QTY,PURCHASE_DATE) values (10112,'B0189',1013,5,to_date('15-DEC-10','DD-MON-RR'));
Insert into BOOK_SALES (SALES_ID,BOOK_ID,CUST_ID,QTY,PURCHASE_DATE) values (10113,'B0144',1008,2,to_date('03-JAN-11','DD-MON-RR'));
Insert into BOOK_SALES (SALES_ID,BOOK_ID,CUST_ID,QTY,PURCHASE_DATE) values (10115,'B0115',1014,5,to_date('09-JAN-11','DD-MON-RR'));
Insert into BOOK_SALES (SALES_ID,BOOK_ID,CUST_ID,QTY,PURCHASE_DATE) values (10117,'B0013',1016,5,to_date('28-FEB-11','DD-MON-RR'));
Insert into BOOK_SALES (SALES_ID,BOOK_ID,CUST_ID,QTY,PURCHASE_DATE) values (10119,'B0201',1014,5,to_date('07-FEB-11','DD-MON-RR'));
Insert into BOOK_SALES (SALES_ID,BOOK_ID,CUST_ID,QTY,PURCHASE_DATE) values (10120,'B0161',1006,5,to_date('18-FEB-11','DD-MON-RR'));
Insert into BOOK_SALES (SALES_ID,BOOK_ID,CUST_ID,QTY,PURCHASE_DATE) values (10121,'B0162',1007,5,to_date('18-FEB-12','DD-MON-RR'));
Insert into BOOK_SALES (SALES_ID,BOOK_ID,CUST_ID,QTY,PURCHASE_DATE) values (10122,'B0024',1012,2,to_date('26-FEB-11','DD-MON-RR'));
Insert into BOOK_SALES (SALES_ID,BOOK_ID,CUST_ID,QTY,PURCHASE_DATE) values (10123,'B0054',1003,2,to_date('10-FEB-11','DD-MON-RR'));
Insert into BOOK_SALES (SALES_ID,BOOK_ID,CUST_ID,QTY,PURCHASE_DATE) values (10125,'B0120',1013,5,to_date('04-DEC-10','DD-MON-RR'));
Insert into BOOK_SALES (SALES_ID,BOOK_ID,CUST_ID,QTY,PURCHASE_DATE) values (10126,'B0068',1005,1,to_date('26-DEC-10','DD-MON-RR'));
Insert into BOOK_SALES (SALES_ID,BOOK_ID,CUST_ID,QTY,PURCHASE_DATE) values (10128,'B0212',1005,5,to_date('20-JAN-11','DD-MON-RR'));
Insert into BOOK_SALES (SALES_ID,BOOK_ID,CUST_ID,QTY,PURCHASE_DATE) values (10129,'B0197',1020,2,to_date('22-FEB-11','DD-MON-RR'));
Insert into BOOK_SALES (SALES_ID,BOOK_ID,CUST_ID,QTY,PURCHASE_DATE) values (10132,'B0021',1002,5,to_date('26-DEC-10','DD-MON-RR'));
Insert into BOOK_SALES (SALES_ID,BOOK_ID,CUST_ID,QTY,PURCHASE_DATE) values (10133,'B0098',1002,6,to_date('15-FEB-11','DD-MON-RR'));
Insert into BOOK_SALES (SALES_ID,BOOK_ID,CUST_ID,QTY,PURCHASE_DATE) values (10134,'B0062',1013,4,to_date('27-JAN-11','DD-MON-RR'));
Insert into BOOK_SALES (SALES_ID,BOOK_ID,CUST_ID,QTY,PURCHASE_DATE) values (10136,'B0113',1010,7,to_date('23-JAN-11','DD-MON-RR'));
Insert into BOOK_SALES (SALES_ID,BOOK_ID,CUST_ID,QTY,PURCHASE_DATE) values (10138,'B0157',1013,3,to_date('16-DEC-10','DD-MON-RR'));
Insert into BOOK_SALES (SALES_ID,BOOK_ID,CUST_ID,QTY,PURCHASE_DATE) values (10139,'B0179',1002,2,to_date('19-FEB-11','DD-MON-RR'));
Insert into BOOK_SALES (SALES_ID,BOOK_ID,CUST_ID,QTY,PURCHASE_DATE) values (10142,'B0127',1007,5,to_date('11-MAR-11','DD-MON-RR'));
Insert into BOOK_SALES (SALES_ID,BOOK_ID,CUST_ID,QTY,PURCHASE_DATE) values (10144,'B0080',1003,7,to_date('04-FEB-11','DD-MON-RR'));
Insert into BOOK_SALES (SALES_ID,BOOK_ID,CUST_ID,QTY,PURCHASE_DATE) values (10147,'B0057',1002,7,to_date('18-JAN-11','DD-MON-RR'));
Insert into BOOK_SALES (SALES_ID,BOOK_ID,CUST_ID,QTY,PURCHASE_DATE) values (10148,'B0126',1007,2,to_date('15-JAN-11','DD-MON-RR'));
Insert into BOOK_SALES (SALES_ID,BOOK_ID,CUST_ID,QTY,PURCHASE_DATE) values (10151,'B0042',1004,6,to_date('17-DEC-10','DD-MON-RR'));
Insert into BOOK_SALES (SALES_ID,BOOK_ID,CUST_ID,QTY,PURCHASE_DATE) values (10153,'B0099',1010,7,to_date('19-DEC-10','DD-MON-RR'));
Insert into BOOK_SALES (SALES_ID,BOOK_ID,CUST_ID,QTY,PURCHASE_DATE) values (10155,'B0071',1004,3,to_date('25-DEC-10','DD-MON-RR'));
Insert into BOOK_SALES (SALES_ID,BOOK_ID,CUST_ID,QTY,PURCHASE_DATE) values (10156,'B0107',1013,4,to_date('25-DEC-10','DD-MON-RR'));
Insert into BOOK_SALES (SALES_ID,BOOK_ID,CUST_ID,QTY,PURCHASE_DATE) values (10157,'B0146',1001,6,to_date('13-DEC-10','DD-MON-RR'));
Insert into BOOK_SALES (SALES_ID,BOOK_ID,CUST_ID,QTY,PURCHASE_DATE) values (10161,'B0159',1004,3,to_date('03-DEC-10','DD-MON-RR'));
Insert into BOOK_SALES (SALES_ID,BOOK_ID,CUST_ID,QTY,PURCHASE_DATE) values (10164,'B0213',1001,3,to_date('17-DEC-10','DD-MON-RR'));
Insert into BOOK_SALES (SALES_ID,BOOK_ID,CUST_ID,QTY,PURCHASE_DATE) values (10165,'B0082',1004,3,to_date('30-DEC-10','DD-MON-RR'));
Insert into BOOK_SALES (SALES_ID,BOOK_ID,CUST_ID,QTY,PURCHASE_DATE) values (10166,'B0006',1020,3,to_date('01-MAR-11','DD-MON-RR'));
Insert into BOOK_SALES (SALES_ID,BOOK_ID,CUST_ID,QTY,PURCHASE_DATE) values (10170,'B0052',1013,4,to_date('11-FEB-11','DD-MON-RR'));
Insert into BOOK_SALES (SALES_ID,BOOK_ID,CUST_ID,QTY,PURCHASE_DATE) values (10171,'B0136',1017,4,to_date('22-JAN-11','DD-MON-RR'));
Insert into BOOK_SALES (SALES_ID,BOOK_ID,CUST_ID,QTY,PURCHASE_DATE) values (10173,'B0163',1001,5,to_date('26-FEB-11','DD-MON-RR'));
Insert into BOOK_SALES (SALES_ID,BOOK_ID,CUST_ID,QTY,PURCHASE_DATE) values (10174,'B0080',1013,1,to_date('30-DEC-10','DD-MON-RR'));
Insert into BOOK_SALES (SALES_ID,BOOK_ID,CUST_ID,QTY,PURCHASE_DATE) values (10177,'B0021',1011,6,to_date('25-JAN-11','DD-MON-RR'));
Insert into BOOK_SALES (SALES_ID,BOOK_ID,CUST_ID,QTY,PURCHASE_DATE) values (10181,'B0202',1003,1,to_date('20-FEB-11','DD-MON-RR'));
Insert into BOOK_SALES (SALES_ID,BOOK_ID,CUST_ID,QTY,PURCHASE_DATE) values (10182,'B0147',1020,6,to_date('07-DEC-10','DD-MON-RR'));
Insert into BOOK_SALES (SALES_ID,BOOK_ID,CUST_ID,QTY,PURCHASE_DATE) values (10183,'B0046',1004,7,to_date('05-DEC-10','DD-MON-RR'));
Insert into BOOK_SALES (SALES_ID,BOOK_ID,CUST_ID,QTY,PURCHASE_DATE) values (10186,'B0034',1012,2,to_date('20-JAN-11','DD-MON-RR'));
Insert into BOOK_SALES (SALES_ID,BOOK_ID,CUST_ID,QTY,PURCHASE_DATE) values (10187,'B0176',1014,3,to_date('06-DEC-10','DD-MON-RR'));
Insert into BOOK_SALES (SALES_ID,BOOK_ID,CUST_ID,QTY,PURCHASE_DATE) values (10190,'B0191',1011,6,to_date('25-DEC-10','DD-MON-RR'));
Insert into BOOK_SALES (SALES_ID,BOOK_ID,CUST_ID,QTY,PURCHASE_DATE) values (10191,'B0172',1005,2,to_date('22-FEB-11','DD-MON-RR'));
Insert into BOOK_SALES (SALES_ID,BOOK_ID,CUST_ID,QTY,PURCHASE_DATE) values (10194,'B0001',1002,6,to_date('25-FEB-11','DD-MON-RR'));
Insert into BOOK_SALES (SALES_ID,BOOK_ID,CUST_ID,QTY,PURCHASE_DATE) values (10196,'B0187',1005,2,to_date('11-DEC-10','DD-MON-RR'));
Insert into BOOK_SALES (SALES_ID,BOOK_ID,CUST_ID,QTY,PURCHASE_DATE) values (10197,'B0079',1001,3,to_date('30-DEC-10','DD-MON-RR'));
Insert into BOOK_SALES (SALES_ID,BOOK_ID,CUST_ID,QTY,PURCHASE_DATE) values (10200,'B0136',1005,5,to_date('15-DEC-10','DD-MON-RR'));
Insert into BOOK_SALES (SALES_ID,BOOK_ID,CUST_ID,QTY,PURCHASE_DATE) values (10201,'B0204',1005,1,to_date('14-JAN-11','DD-MON-RR'));
Insert into BOOK_SALES (SALES_ID,BOOK_ID,CUST_ID,QTY,PURCHASE_DATE) values (10204,'B0045',1007,6,to_date('08-JAN-11','DD-MON-RR'));
Insert into BOOK_SALES (SALES_ID,BOOK_ID,CUST_ID,QTY,PURCHASE_DATE) values (10205,'B0018',1017,7,to_date('09-DEC-10','DD-MON-RR'));
Insert into BOOK_SALES (SALES_ID,BOOK_ID,CUST_ID,QTY,PURCHASE_DATE) values (10207,'B0095',1015,6,to_date('31-JAN-11','DD-MON-RR'));
Insert into BOOK_SALES (SALES_ID,BOOK_ID,CUST_ID,QTY,PURCHASE_DATE) values (10209,'B0211',1005,4,to_date('23-FEB-11','DD-MON-RR'));
Insert into BOOK_SALES (SALES_ID,BOOK_ID,CUST_ID,QTY,PURCHASE_DATE) values (10213,'B0071',1017,1,to_date('29-JAN-11','DD-MON-RR'));
Insert into BOOK_SALES (SALES_ID,BOOK_ID,CUST_ID,QTY,PURCHASE_DATE) values (10214,'B0198',1016,2,to_date('07-DEC-10','DD-MON-RR'));
Insert into BOOK_SALES (SALES_ID,BOOK_ID,CUST_ID,QTY,PURCHASE_DATE) values (10216,'B0199',1001,1,to_date('26-JAN-11','DD-MON-RR'));
Insert into BOOK_SALES (SALES_ID,BOOK_ID,CUST_ID,QTY,PURCHASE_DATE) values (10217,'B0170',1008,5,to_date('01-FEB-11','DD-MON-RR'));
Insert into BOOK_SALES (SALES_ID,BOOK_ID,CUST_ID,QTY,PURCHASE_DATE) values (10221,'B0166',1015,3,to_date('02-DEC-10','DD-MON-RR'));
Insert into BOOK_SALES (SALES_ID,BOOK_ID,CUST_ID,QTY,PURCHASE_DATE) values (10222,'B0162',1013,4,to_date('26-FEB-11','DD-MON-RR'));
Insert into BOOK_SALES (SALES_ID,BOOK_ID,CUST_ID,QTY,PURCHASE_DATE) values (10223,'B0156',1002,1,to_date('27-FEB-11','DD-MON-RR'));
Insert into BOOK_SALES (SALES_ID,BOOK_ID,CUST_ID,QTY,PURCHASE_DATE) values (10225,'B0208',1017,5,to_date('05-JAN-11','DD-MON-RR'));
Insert into BOOK_SALES (SALES_ID,BOOK_ID,CUST_ID,QTY,PURCHASE_DATE) values (10230,'B0137',1013,7,to_date('02-MAR-11','DD-MON-RR'));
Insert into BOOK_SALES (SALES_ID,BOOK_ID,CUST_ID,QTY,PURCHASE_DATE) values (10231,'B0083',1001,2,to_date('31-DEC-10','DD-MON-RR'));
Insert into BOOK_SALES (SALES_ID,BOOK_ID,CUST_ID,QTY,PURCHASE_DATE) values (10233,'B0132',1003,3,to_date('04-JAN-11','DD-MON-RR'));
Insert into BOOK_SALES (SALES_ID,BOOK_ID,CUST_ID,QTY,PURCHASE_DATE) values (10234,'B0134',1012,6,to_date('18-FEB-11','DD-MON-RR'));
Insert into BOOK_SALES (SALES_ID,BOOK_ID,CUST_ID,QTY,PURCHASE_DATE) values (10330,'B0200',1005,2,to_date('06-APR-12','DD-MON-RR'));
Insert into BOOK_SALES (SALES_ID,BOOK_ID,CUST_ID,QTY,PURCHASE_DATE) values (10331,'B0200',1005,2,to_date('06-APR-12','DD-MON-RR'));
Insert into BOOK_SALES (SALES_ID,BOOK_ID,CUST_ID,QTY,PURCHASE_DATE) values (10350,'B0200',1005,2,to_date('07-APR-12','DD-MON-RR'));
Insert into BOOK_SALES (SALES_ID,BOOK_ID,CUST_ID,QTY,PURCHASE_DATE) values (10235,'B0178',1010,4,to_date('21-FEB-11','DD-MON-RR'));
Insert into BOOK_SALES (SALES_ID,BOOK_ID,CUST_ID,QTY,PURCHASE_DATE) values (10236,'B0157',1012,1,to_date('05-MAR-11','DD-MON-RR'));
Insert into BOOK_SALES (SALES_ID,BOOK_ID,CUST_ID,QTY,PURCHASE_DATE) values (10237,'B0104',1013,4,to_date('18-JAN-11','DD-MON-RR'));
Insert into BOOK_SALES (SALES_ID,BOOK_ID,CUST_ID,QTY,PURCHASE_DATE) values (10238,'B0042',1002,2,to_date('27-DEC-10','DD-MON-RR'));
Insert into BOOK_SALES (SALES_ID,BOOK_ID,CUST_ID,QTY,PURCHASE_DATE) values (10239,'B0127',1011,4,to_date('25-JAN-11','DD-MON-RR'));
Insert into BOOK_SALES (SALES_ID,BOOK_ID,CUST_ID,QTY,PURCHASE_DATE) values (10240,'B0073',1001,2,to_date('27-DEC-10','DD-MON-RR'));
Insert into BOOK_SALES (SALES_ID,BOOK_ID,CUST_ID,QTY,PURCHASE_DATE) values (10241,'B0020',1010,6,to_date('27-FEB-11','DD-MON-RR'));
Insert into BOOK_SALES (SALES_ID,BOOK_ID,CUST_ID,QTY,PURCHASE_DATE) values (10242,'B0037',1004,1,to_date('14-JAN-11','DD-MON-RR'));
Insert into BOOK_SALES (SALES_ID,BOOK_ID,CUST_ID,QTY,PURCHASE_DATE) values (10243,'B0205',1015,3,to_date('08-DEC-10','DD-MON-RR'));
Insert into BOOK_SALES (SALES_ID,BOOK_ID,CUST_ID,QTY,PURCHASE_DATE) values (10244,'B0181',1005,3,to_date('11-JAN-11','DD-MON-RR'));
Insert into BOOK_SALES (SALES_ID,BOOK_ID,CUST_ID,QTY,PURCHASE_DATE) values (10245,'B0103',1005,7,to_date('11-FEB-11','DD-MON-RR'));
Insert into BOOK_SALES (SALES_ID,BOOK_ID,CUST_ID,QTY,PURCHASE_DATE) values (10246,'B0167',1020,2,to_date('05-DEC-10','DD-MON-RR'));
Insert into BOOK_SALES (SALES_ID,BOOK_ID,CUST_ID,QTY,PURCHASE_DATE) values (10247,'B0169',1020,1,to_date('04-FEB-11','DD-MON-RR'));
Insert into BOOK_SALES (SALES_ID,BOOK_ID,CUST_ID,QTY,PURCHASE_DATE) values (10248,'B0087',1009,3,to_date('05-JAN-11','DD-MON-RR'));
Insert into BOOK_SALES (SALES_ID,BOOK_ID,CUST_ID,QTY,PURCHASE_DATE) values (10249,'B0070',1007,4,to_date('01-FEB-11','DD-MON-RR'));
Insert into BOOK_SALES (SALES_ID,BOOK_ID,CUST_ID,QTY,PURCHASE_DATE) values (10250,'B0036',1003,5,to_date('08-DEC-10','DD-MON-RR'));
Insert into BOOK_SALES (SALES_ID,BOOK_ID,CUST_ID,QTY,PURCHASE_DATE) values (10137,'B0029',1009,6,to_date('14-FEB-11','DD-MON-RR'));
Insert into BOOK_SALES (SALES_ID,BOOK_ID,CUST_ID,QTY,PURCHASE_DATE) values (10141,'B0071',1010,2,to_date('01-JAN-11','DD-MON-RR'));
Insert into BOOK_SALES (SALES_ID,BOOK_ID,CUST_ID,QTY,PURCHASE_DATE) values (10146,'B0168',1003,4,to_date('11-MAR-11','DD-MON-RR'));
Insert into BOOK_SALES (SALES_ID,BOOK_ID,CUST_ID,QTY,PURCHASE_DATE) values (10150,'B0169',1013,6,to_date('08-JAN-11','DD-MON-RR'));
Insert into BOOK_SALES (SALES_ID,BOOK_ID,CUST_ID,QTY,PURCHASE_DATE) values (10154,'B0157',1004,3,to_date('18-DEC-10','DD-MON-RR'));
Insert into BOOK_SALES (SALES_ID,BOOK_ID,CUST_ID,QTY,PURCHASE_DATE) values (10159,'B0137',1006,5,to_date('13-FEB-11','DD-MON-RR'));
Insert into BOOK_SALES (SALES_ID,BOOK_ID,CUST_ID,QTY,PURCHASE_DATE) values (10163,'B0027',1011,2,to_date('11-JAN-11','DD-MON-RR'));
Insert into BOOK_SALES (SALES_ID,BOOK_ID,CUST_ID,QTY,PURCHASE_DATE) values (10167,'B0017',1002,1,to_date('01-FEB-11','DD-MON-RR'));
Insert into BOOK_SALES (SALES_ID,BOOK_ID,CUST_ID,QTY,PURCHASE_DATE) values (10172,'B0072',1006,6,to_date('07-DEC-10','DD-MON-RR'));
Insert into BOOK_SALES (SALES_ID,BOOK_ID,CUST_ID,QTY,PURCHASE_DATE) values (10176,'B0203',1010,4,to_date('26-FEB-11','DD-MON-RR'));
Insert into BOOK_SALES (SALES_ID,BOOK_ID,CUST_ID,QTY,PURCHASE_DATE) values (10180,'B0187',1016,4,to_date('02-JAN-11','DD-MON-RR'));
Insert into BOOK_SALES (SALES_ID,BOOK_ID,CUST_ID,QTY,PURCHASE_DATE) values (10185,'B0141',1001,2,to_date('26-JAN-11','DD-MON-RR'));
Insert into BOOK_SALES (SALES_ID,BOOK_ID,CUST_ID,QTY,PURCHASE_DATE) values (10189,'B0172',1012,5,to_date('05-MAR-11','DD-MON-RR'));
Insert into BOOK_SALES (SALES_ID,BOOK_ID,CUST_ID,QTY,PURCHASE_DATE) values (10193,'B0159',1015,2,to_date('02-DEC-10','DD-MON-RR'));
Insert into BOOK_SALES (SALES_ID,BOOK_ID,CUST_ID,QTY,PURCHASE_DATE) values (10198,'B0212',1010,1,to_date('10-FEB-11','DD-MON-RR'));
Insert into BOOK_SALES (SALES_ID,BOOK_ID,CUST_ID,QTY,PURCHASE_DATE) values (10202,'B0037',1015,2,to_date('28-JAN-11','DD-MON-RR'));
Insert into BOOK_SALES (SALES_ID,BOOK_ID,CUST_ID,QTY,PURCHASE_DATE) values (10206,'B0189',1008,4,to_date('10-FEB-11','DD-MON-RR'));
Insert into BOOK_SALES (SALES_ID,BOOK_ID,CUST_ID,QTY,PURCHASE_DATE) values (10211,'B0176',1007,2,to_date('07-FEB-11','DD-MON-RR'));
Insert into BOOK_SALES (SALES_ID,BOOK_ID,CUST_ID,QTY,PURCHASE_DATE) values (10215,'B0051',1015,3,to_date('18-DEC-10','DD-MON-RR'));
Insert into BOOK_SALES (SALES_ID,BOOK_ID,CUST_ID,QTY,PURCHASE_DATE) values (10219,'B0147',1013,3,to_date('21-DEC-10','DD-MON-RR'));
Insert into BOOK_SALES (SALES_ID,BOOK_ID,CUST_ID,QTY,PURCHASE_DATE) values (10224,'B0105',1014,1,to_date('21-FEB-11','DD-MON-RR'));
Insert into BOOK_SALES (SALES_ID,BOOK_ID,CUST_ID,QTY,PURCHASE_DATE) values (10228,'B0065',1013,7,to_date('06-FEB-11','DD-MON-RR'));
Insert into BOOK_SALES (SALES_ID,BOOK_ID,CUST_ID,QTY,PURCHASE_DATE) values (10232,'B0178',1013,2,to_date('02-FEB-11','DD-MON-RR'));
Insert into BOOK_SALES (SALES_ID,BOOK_ID,CUST_ID,QTY,PURCHASE_DATE) values (10004,'B0045',1003,1,to_date('25-FEB-10','DD-MON-RR'));
Insert into BOOK_SALES (SALES_ID,BOOK_ID,CUST_ID,QTY,PURCHASE_DATE) values (10011,'B0132',1007,5,to_date('29-JUN-10','DD-MON-RR'));
Insert into BOOK_SALES (SALES_ID,BOOK_ID,CUST_ID,QTY,PURCHASE_DATE) values (10019,'B0172',1001,2,to_date('12-MAR-11','DD-MON-RR'));
Insert into BOOK_SALES (SALES_ID,BOOK_ID,CUST_ID,QTY,PURCHASE_DATE) values (10026,'B0213',1001,3,to_date('05-DEC-10','DD-MON-RR'));
Insert into BOOK_SALES (SALES_ID,BOOK_ID,CUST_ID,QTY,PURCHASE_DATE) values (10034,'B0128',1008,2,to_date('14-JAN-11','DD-MON-RR'));
Insert into BOOK_SALES (SALES_ID,BOOK_ID,CUST_ID,QTY,PURCHASE_DATE) values (10041,'B0083',1011,5,to_date('22-DEC-10','DD-MON-RR'));
Insert into BOOK_SALES (SALES_ID,BOOK_ID,CUST_ID,QTY,PURCHASE_DATE) values (10049,'B0045',1002,4,to_date('10-FEB-11','DD-MON-RR'));
Insert into BOOK_SALES (SALES_ID,BOOK_ID,CUST_ID,QTY,PURCHASE_DATE) values (10056,'B0042',1016,5,to_date('19-FEB-11','DD-MON-RR'));
Insert into BOOK_SALES (SALES_ID,BOOK_ID,CUST_ID,QTY,PURCHASE_DATE) values (10064,'B0014',1016,2,to_date('12-FEB-11','DD-MON-RR'));
Insert into BOOK_SALES (SALES_ID,BOOK_ID,CUST_ID,QTY,PURCHASE_DATE) values (10071,'B0021',1017,5,to_date('02-JAN-11','DD-MON-RR'));
Insert into BOOK_SALES (SALES_ID,BOOK_ID,CUST_ID,QTY,PURCHASE_DATE) values (10079,'B0112',1020,7,to_date('05-FEB-11','DD-MON-RR'));
Insert into BOOK_SALES (SALES_ID,BOOK_ID,CUST_ID,QTY,PURCHASE_DATE) values (10086,'B0167',1011,6,to_date('15-JAN-11','DD-MON-RR'));
Insert into BOOK_SALES (SALES_ID,BOOK_ID,CUST_ID,QTY,PURCHASE_DATE) values (10094,'B0064',1003,1,to_date('29-DEC-10','DD-MON-RR'));
Insert into BOOK_SALES (SALES_ID,BOOK_ID,CUST_ID,QTY,PURCHASE_DATE) values (10101,'B0032',1013,2,to_date('04-DEC-10','DD-MON-RR'));
Insert into BOOK_SALES (SALES_ID,BOOK_ID,CUST_ID,QTY,PURCHASE_DATE) values (10109,'B0041',1002,2,to_date('05-JAN-11','DD-MON-RR'));
Insert into BOOK_SALES (SALES_ID,BOOK_ID,CUST_ID,QTY,PURCHASE_DATE) values (10116,'B0122',1010,2,to_date('22-DEC-10','DD-MON-RR'));
Insert into BOOK_SALES (SALES_ID,BOOK_ID,CUST_ID,QTY,PURCHASE_DATE) values (10124,'B0073',1012,4,to_date('20-JAN-11','DD-MON-RR'));
Insert into BOOK_SALES (SALES_ID,BOOK_ID,CUST_ID,QTY,PURCHASE_DATE) values (10131,'B0182',1007,2,to_date('17-DEC-10','DD-MON-RR'));
Insert into BOOK_SALES (SALES_ID,BOOK_ID,CUST_ID,QTY,PURCHASE_DATE) values (10140,'B0203',1010,6,to_date('19-FEB-11','DD-MON-RR'));
Insert into BOOK_SALES (SALES_ID,BOOK_ID,CUST_ID,QTY,PURCHASE_DATE) values (10149,'B0031',1006,1,to_date('23-JAN-11','DD-MON-RR'));
Insert into BOOK_SALES (SALES_ID,BOOK_ID,CUST_ID,QTY,PURCHASE_DATE) values (10160,'B0185',1001,1,to_date('03-JAN-11','DD-MON-RR'));
Insert into BOOK_SALES (SALES_ID,BOOK_ID,CUST_ID,QTY,PURCHASE_DATE) values (10169,'B0150',1016,5,to_date('09-JAN-11','DD-MON-RR'));
Insert into BOOK_SALES (SALES_ID,BOOK_ID,CUST_ID,QTY,PURCHASE_DATE) values (10179,'B0001',1004,6,to_date('23-DEC-10','DD-MON-RR'));
Insert into BOOK_SALES (SALES_ID,BOOK_ID,CUST_ID,QTY,PURCHASE_DATE) values (10188,'B0086',1014,2,to_date('27-JAN-11','DD-MON-RR'));
Insert into BOOK_SALES (SALES_ID,BOOK_ID,CUST_ID,QTY,PURCHASE_DATE) values (10199,'B0179',1005,2,to_date('14-FEB-11','DD-MON-RR'));
Insert into BOOK_SALES (SALES_ID,BOOK_ID,CUST_ID,QTY,PURCHASE_DATE) values (10208,'B0047',1017,2,to_date('03-MAR-11','DD-MON-RR'));
Insert into BOOK_SALES (SALES_ID,BOOK_ID,CUST_ID,QTY,PURCHASE_DATE) values (10218,'B0169',1006,5,to_date('04-JAN-11','DD-MON-RR'));
Insert into BOOK_SALES (SALES_ID,BOOK_ID,CUST_ID,QTY,PURCHASE_DATE) values (10227,'B0070',1003,2,to_date('18-JAN-11','DD-MON-RR'));
Insert into BOOK_SALES (SALES_ID,BOOK_ID,CUST_ID,QTY,PURCHASE_DATE) values (10003,'B0035',1002,2,to_date('15-FEB-10','DD-MON-RR'));
Insert into BOOK_SALES (SALES_ID,BOOK_ID,CUST_ID,QTY,PURCHASE_DATE) values (10016,'B0056',1007,1,to_date('12-DEC-10','DD-MON-RR'));
Insert into BOOK_SALES (SALES_ID,BOOK_ID,CUST_ID,QTY,PURCHASE_DATE) values (10029,'B0125',1008,1,to_date('04-DEC-10','DD-MON-RR'));
Insert into BOOK_SALES (SALES_ID,BOOK_ID,CUST_ID,QTY,PURCHASE_DATE) values (10042,'B0008',1006,5,to_date('12-FEB-11','DD-MON-RR'));
Insert into BOOK_SALES (SALES_ID,BOOK_ID,CUST_ID,QTY,PURCHASE_DATE) values (10054,'B0074',1017,1,to_date('07-DEC-10','DD-MON-RR'));
Insert into BOOK_SALES (SALES_ID,BOOK_ID,CUST_ID,QTY,PURCHASE_DATE) values (10067,'B0085',1020,6,to_date('27-JAN-11','DD-MON-RR'));
Insert into BOOK_SALES (SALES_ID,BOOK_ID,CUST_ID,QTY,PURCHASE_DATE) values (10080,'B0034',1002,3,to_date('21-JAN-11','DD-MON-RR'));
Insert into BOOK_SALES (SALES_ID,BOOK_ID,CUST_ID,QTY,PURCHASE_DATE) values (10092,'B0166',1012,5,to_date('22-FEB-11','DD-MON-RR'));
Insert into BOOK_SALES (SALES_ID,BOOK_ID,CUST_ID,QTY,PURCHASE_DATE) values (10105,'B0130',1020,2,to_date('19-DEC-10','DD-MON-RR'));
Insert into BOOK_SALES (SALES_ID,BOOK_ID,CUST_ID,QTY,PURCHASE_DATE) values (10118,'B0180',1005,4,to_date('30-DEC-10','DD-MON-RR'));
Insert into BOOK_SALES (SALES_ID,BOOK_ID,CUST_ID,QTY,PURCHASE_DATE) values (10130,'B0040',1009,1,to_date('13-DEC-10','DD-MON-RR'));
Insert into BOOK_SALES (SALES_ID,BOOK_ID,CUST_ID,QTY,PURCHASE_DATE) values (10145,'B0074',1009,1,to_date('29-JAN-11','DD-MON-RR'));
Insert into BOOK_SALES (SALES_ID,BOOK_ID,CUST_ID,QTY,PURCHASE_DATE) values (10162,'B0017',1010,3,to_date('04-MAR-11','DD-MON-RR'));
Insert into BOOK_SALES (SALES_ID,BOOK_ID,CUST_ID,QTY,PURCHASE_DATE) values (10178,'B0062',1005,2,to_date('05-MAR-11','DD-MON-RR'));
Insert into BOOK_SALES (SALES_ID,BOOK_ID,CUST_ID,QTY,PURCHASE_DATE) values (10195,'B0176',1002,1,to_date('14-DEC-10','DD-MON-RR'));
Insert into BOOK_SALES (SALES_ID,BOOK_ID,CUST_ID,QTY,PURCHASE_DATE) values (10212,'B0114',1005,5,to_date('22-DEC-10','DD-MON-RR'));
Insert into BOOK_SALES (SALES_ID,BOOK_ID,CUST_ID,QTY,PURCHASE_DATE) values (10229,'B0081',1014,1,to_date('14-JAN-11','DD-MON-RR'));
Insert into BOOK_SALES (SALES_ID,BOOK_ID,CUST_ID,QTY,PURCHASE_DATE) values (10005,'B0135',1004,1,to_date('02-MAR-10','DD-MON-RR'));
Insert into BOOK_SALES (SALES_ID,BOOK_ID,CUST_ID,QTY,PURCHASE_DATE) values (10010,'B0190',1005,3,to_date('12-JUN-10','DD-MON-RR'));
Insert into BOOK_SALES (SALES_ID,BOOK_ID,CUST_ID,QTY,PURCHASE_DATE) values (10017,'B0123',1005,4,to_date('10-JAN-11','DD-MON-RR'));
Insert into BOOK_SALES (SALES_ID,BOOK_ID,CUST_ID,QTY,PURCHASE_DATE) values (10023,'B0012',1002,5,to_date('28-JUN-11','DD-MON-RR'));
Insert into BOOK_SALES (SALES_ID,BOOK_ID,CUST_ID,QTY,PURCHASE_DATE) values (10031,'B0080',1003,2,to_date('25-JAN-11','DD-MON-RR'));
Insert into BOOK_SALES (SALES_ID,BOOK_ID,CUST_ID,QTY,PURCHASE_DATE) values (10037,'B0178',1001,1,to_date('31-DEC-10','DD-MON-RR'));
Insert into BOOK_SALES (SALES_ID,BOOK_ID,CUST_ID,QTY,PURCHASE_DATE) values (10044,'B0153',1006,3,to_date('18-JAN-11','DD-MON-RR'));
Insert into BOOK_SALES (SALES_ID,BOOK_ID,CUST_ID,QTY,PURCHASE_DATE) values (10050,'B0200',1007,2,to_date('27-DEC-10','DD-MON-RR'));
Insert into BOOK_SALES (SALES_ID,BOOK_ID,CUST_ID,QTY,PURCHASE_DATE) values (10057,'B0019',1014,5,to_date('29-JAN-11','DD-MON-RR'));
Insert into BOOK_SALES (SALES_ID,BOOK_ID,CUST_ID,QTY,PURCHASE_DATE) values (10062,'B0028',1006,3,to_date('08-MAR-11','DD-MON-RR'));
Insert into BOOK_SALES (SALES_ID,BOOK_ID,CUST_ID,QTY,PURCHASE_DATE) values (10069,'B0194',1006,2,to_date('06-JAN-11','DD-MON-RR'));
Insert into BOOK_SALES (SALES_ID,BOOK_ID,CUST_ID,QTY,PURCHASE_DATE) values (10075,'B0070',1007,6,to_date('09-JAN-11','DD-MON-RR'));
Insert into BOOK_SALES (SALES_ID,BOOK_ID,CUST_ID,QTY,PURCHASE_DATE) values (10083,'B0120',1007,2,to_date('02-MAR-11','DD-MON-RR'));
Insert into BOOK_SALES (SALES_ID,BOOK_ID,CUST_ID,QTY,PURCHASE_DATE) values (10089,'B0026',1013,5,to_date('15-JAN-11','DD-MON-RR'));
Insert into BOOK_SALES (SALES_ID,BOOK_ID,CUST_ID,QTY,PURCHASE_DATE) values (10096,'B0017',1008,5,to_date('21-FEB-11','DD-MON-RR'));
Insert into BOOK_SALES (SALES_ID,BOOK_ID,CUST_ID,QTY,PURCHASE_DATE) values (10102,'B0208',1012,2,to_date('01-FEB-11','DD-MON-RR'));
Insert into BOOK_SALES (SALES_ID,BOOK_ID,CUST_ID,QTY,PURCHASE_DATE) values (10108,'B0156',1003,2,to_date('01-FEB-11','DD-MON-RR'));
Insert into BOOK_SALES (SALES_ID,BOOK_ID,CUST_ID,QTY,PURCHASE_DATE) values (10114,'B0014',1001,4,to_date('17-JAN-11','DD-MON-RR'));
Insert into BOOK_SALES (SALES_ID,BOOK_ID,CUST_ID,QTY,PURCHASE_DATE) values (10256,'B0200',1005,2,to_date('09-AUG-11','DD-MON-RR'));
REM INSERTING into AUTHORS
Insert into AUTHORS (AUTHOR_ID,AUTHOR_NAME) values (1,'A. Kannan');
Insert into AUTHORS (AUTHOR_ID,AUTHOR_NAME) values (2,'Aaron M. Tenenbaum');
Insert into AUTHORS (AUTHOR_ID,AUTHOR_NAME) values (3,'Adam Smith');
Insert into AUTHORS (AUTHOR_ID,AUTHOR_NAME) values (4,'Adity Gupta');
Insert into AUTHORS (AUTHOR_ID,AUTHOR_NAME) values (5,'Alex lonescu');
Insert into AUTHORS (AUTHOR_ID,AUTHOR_NAME) values (6,'Alex Mackman');
Insert into AUTHORS (AUTHOR_ID,AUTHOR_NAME) values (7,'Alfred.V.Aho');
Insert into AUTHORS (AUTHOR_ID,AUTHOR_NAME) values (8,'Alon Fliess');
Insert into AUTHORS (AUTHOR_ID,AUTHOR_NAME) values (9,'Ananth Grama');
Insert into AUTHORS (AUTHOR_ID,AUTHOR_NAME) values (10,'Andre Tost');
Insert into AUTHORS (AUTHOR_ID,AUTHOR_NAME) values (11,'Andreas Reuter');
Insert into AUTHORS (AUTHOR_ID,AUTHOR_NAME) values (12,'Andrew J. Brust');
Insert into AUTHORS (AUTHOR_ID,AUTHOR_NAME) values (13,'Andrew M. Rudoff');
Insert into AUTHORS (AUTHOR_ID,AUTHOR_NAME) values (14,'Andrew S.Tanenbaum');
Insert into AUTHORS (AUTHOR_ID,AUTHOR_NAME) values (15,'Andrew Stellman');
Insert into AUTHORS (AUTHOR_ID,AUTHOR_NAME) values (16,'Andrew Tanenbaum');
Insert into AUTHORS (AUTHOR_ID,AUTHOR_NAME) values (17,'Andrew Troelsen');
Insert into AUTHORS (AUTHOR_ID,AUTHOR_NAME) values (18,'Andy Oram');
Insert into AUTHORS (AUTHOR_ID,AUTHOR_NAME) values (19,'Anish Karmarkar');
Insert into AUTHORS (AUTHOR_ID,AUTHOR_NAME) values (20,'Anshul Gupta');
Insert into AUTHORS (AUTHOR_ID,AUTHOR_NAME) values (21,'Anthony T. Holdener3');
Insert into AUTHORS (AUTHOR_ID,AUTHOR_NAME) values (22,'Arnold Robbins');
Insert into AUTHORS (AUTHOR_ID,AUTHOR_NAME) values (23,'Arun K Pujari');
Insert into AUTHORS (AUTHOR_ID,AUTHOR_NAME) values (24,'Auron Tenenbaum');
Insert into AUTHORS (AUTHOR_ID,AUTHOR_NAME) values (25,'B. M. Subraya');
Insert into AUTHORS (AUTHOR_ID,AUTHOR_NAME) values (26,'B.V Kumar');
Insert into AUTHORS (AUTHOR_ID,AUTHOR_NAME) values (27,'Behrouz A. Forouzan');
Insert into AUTHORS (AUTHOR_ID,AUTHOR_NAME) values (28,'Bert Bates');
Insert into AUTHORS (AUTHOR_ID,AUTHOR_NAME) values (29,'Bill Fenner');
Insert into AUTHORS (AUTHOR_ID,AUTHOR_NAME) values (30,'Bill Zoellick');
Insert into AUTHORS (AUTHOR_ID,AUTHOR_NAME) values (31,'Binildas CA');
Insert into AUTHORS (AUTHOR_ID,AUTHOR_NAME) values (32,'Bjarne Stroustrup');
Insert into AUTHORS (AUTHOR_ID,AUTHOR_NAME) values (33,'Bob Becker');
Insert into AUTHORS (AUTHOR_ID,AUTHOR_NAME) values (34,'Bobby Young');
Insert into AUTHORS (AUTHOR_ID,AUTHOR_NAME) values (35,'Bonnie Biafore');
Insert into AUTHORS (AUTHOR_ID,AUTHOR_NAME) values (36,'Brad Dayley');
Insert into AUTHORS (AUTHOR_ID,AUTHOR_NAME) values (37,'Bradner');
Insert into AUTHORS (AUTHOR_ID,AUTHOR_NAME) values (38,'Brian MacDonald');
Insert into AUTHORS (AUTHOR_ID,AUTHOR_NAME) values (39,'Brian W. Kernighan ');
Insert into AUTHORS (AUTHOR_ID,AUTHOR_NAME) values (40,'Bruce Bukovics');
Insert into AUTHORS (AUTHOR_ID,AUTHOR_NAME) values (41,'Bruice Schneier');
Insert into AUTHORS (AUTHOR_ID,AUTHOR_NAME) values (42,'Bryan Basham');
Insert into AUTHORS (AUTHOR_ID,AUTHOR_NAME) values (43,'Bryan Jeffries');
Insert into AUTHORS (AUTHOR_ID,AUTHOR_NAME) values (44,'C. J. Date');
Insert into AUTHORS (AUTHOR_ID,AUTHOR_NAME) values (45,'C.K.Prahalad ');
Insert into AUTHORS (AUTHOR_ID,AUTHOR_NAME) values (46,'Cameron New bam');
Insert into AUTHORS (AUTHOR_ID,AUTHOR_NAME) values (47,'Canyang Kevin Liu');
Insert into AUTHORS (AUTHOR_ID,AUTHOR_NAME) values (48,'Carl Albing');
Insert into AUTHORS (AUTHOR_ID,AUTHOR_NAME) values (49,'Cay Horstman');
Insert into AUTHORS (AUTHOR_ID,AUTHOR_NAME) values (50,'Cay S. Horstmann');
Insert into AUTHORS (AUTHOR_ID,AUTHOR_NAME) values (51,'Charles Leiserson');
Insert into AUTHORS (AUTHOR_ID,AUTHOR_NAME) values (52,'Chhanda Ray');
Insert into AUTHORS (AUTHOR_ID,AUTHOR_NAME) values (53,'Christopher Negus');
Insert into AUTHORS (AUTHOR_ID,AUTHOR_NAME) values (54,'Christopher Schmitt');
Insert into AUTHORS (AUTHOR_ID,AUTHOR_NAME) values (55,'Ciayton M.Christensen');
Insert into AUTHORS (AUTHOR_ID,AUTHOR_NAME) values (56,'Clifford Stein');
Insert into AUTHORS (AUTHOR_ID,AUTHOR_NAME) values (57,'Colin J.White');
Insert into AUTHORS (AUTHOR_ID,AUTHOR_NAME) values (58,'Craig Larman');
Insert into AUTHORS (AUTHOR_ID,AUTHOR_NAME) values (59,'Craig S. Mullins');
Insert into AUTHORS (AUTHOR_ID,AUTHOR_NAME) values (60,'Craig Zacker');
Insert into AUTHORS (AUTHOR_ID,AUTHOR_NAME) values (61,'D M Dhamdhere');
Insert into AUTHORS (AUTHOR_ID,AUTHOR_NAME) values (62,'D. Ghosh Dastidar');
Insert into AUTHORS (AUTHOR_ID,AUTHOR_NAME) values (63,'Dale Dougherty ');
Insert into AUTHORS (AUTHOR_ID,AUTHOR_NAME) values (64,'Dan Hurwitz');
Insert into AUTHORS (AUTHOR_ID,AUTHOR_NAME) values (65,'Dan Mabarry');
Insert into AUTHORS (AUTHOR_ID,AUTHOR_NAME) values (66,'Dan Malks');
Insert into AUTHORS (AUTHOR_ID,AUTHOR_NAME) values (67,'Dan Volitich');
Insert into AUTHORS (AUTHOR_ID,AUTHOR_NAME) values (68,'Daniel C.Dennett');
Insert into AUTHORS (AUTHOR_ID,AUTHOR_NAME) values (69,'Danny Goodman');
Insert into AUTHORS (AUTHOR_ID,AUTHOR_NAME) values (70,'David A. Solomon');
Insert into AUTHORS (AUTHOR_ID,AUTHOR_NAME) values (71,'David Chappll');
Insert into AUTHORS (AUTHOR_ID,AUTHOR_NAME) values (72,'David Flanagan');
Insert into AUTHORS (AUTHOR_ID,AUTHOR_NAME) values (73,'David Holmes');
Insert into AUTHORS (AUTHOR_ID,AUTHOR_NAME) values (74,'David L Stevens');
Insert into AUTHORS (AUTHOR_ID,AUTHOR_NAME) values (75,'David Orchard');
Insert into AUTHORS (AUTHOR_ID,AUTHOR_NAME) values (76,'Deanna Reynolds');
Insert into AUTHORS (AUTHOR_ID,AUTHOR_NAME) values (77,'Debbie Carson');
Insert into AUTHORS (AUTHOR_ID,AUTHOR_NAME) values (78,'Deepak Alur');
Insert into AUTHORS (AUTHOR_ID,AUTHOR_NAME) values (79,'Dennis Glendenning');
Insert into AUTHORS (AUTHOR_ID,AUTHOR_NAME) values (80,'Dennis Shasha');
Insert into AUTHORS (AUTHOR_ID,AUTHOR_NAME) values (81,'Dino Esposito');
Insert into AUTHORS (AUTHOR_ID,AUTHOR_NAME) values (82,'Diomidis Spinellis');
Insert into AUTHORS (AUTHOR_ID,AUTHOR_NAME) values (83,'Donald G. Zeilenga');
Insert into AUTHORS (AUTHOR_ID,AUTHOR_NAME) values (84,'Donald Knuth');
Insert into AUTHORS (AUTHOR_ID,AUTHOR_NAME) values (85,'Donis Marshall');
Insert into AUTHORS (AUTHOR_ID,AUTHOR_NAME) values (86,'Donna M. Lenczycki');
Insert into AUTHORS (AUTHOR_ID,AUTHOR_NAME) values (87,'Doug Lowe');
Insert into AUTHORS (AUTHOR_ID,AUTHOR_NAME) values (88,'Douglas E Comer');
Insert into AUTHORS (AUTHOR_ID,AUTHOR_NAME) values (89,'Douglas R.Hofstadter');
Insert into AUTHORS (AUTHOR_ID,AUTHOR_NAME) values (90,'Dr. Shahram Khosravi');
Insert into AUTHORS (AUTHOR_ID,AUTHOR_NAME) values (91,'Dr.P.S. Deshpande');
Insert into AUTHORS (AUTHOR_ID,AUTHOR_NAME) values (92,'Dwaine R.Snow');
Insert into AUTHORS (AUTHOR_ID,AUTHOR_NAME) values (93,'Elisabeth Freeman');
Insert into AUTHORS (AUTHOR_ID,AUTHOR_NAME) values (94,'Elizabeth O'' Neil');
Insert into AUTHORS (AUTHOR_ID,AUTHOR_NAME) values (95,'Ellie Quigley');
Insert into AUTHORS (AUTHOR_ID,AUTHOR_NAME) values (96,'Ellis Horowitz');
Insert into AUTHORS (AUTHOR_ID,AUTHOR_NAME) values (97,'Eric Cole');
Insert into AUTHORS (AUTHOR_ID,AUTHOR_NAME) values (98,'Eric Foster-Johnson');
Insert into AUTHORS (AUTHOR_ID,AUTHOR_NAME) values (99,'Eric Freeman');
Insert into AUTHORS (AUTHOR_ID,AUTHOR_NAME) values (100,'Eric Jendrock');
Insert into AUTHORS (AUTHOR_ID,AUTHOR_NAME) values (101,'Eric Newcomer');
Insert into AUTHORS (AUTHOR_ID,AUTHOR_NAME) values (102,'Eric Steven Raymond');
Insert into AUTHORS (AUTHOR_ID,AUTHOR_NAME) values (103,'Erich Gamma

');
Insert into AUTHORS (AUTHOR_ID,AUTHOR_NAME) values (104,'Erik Gunvaldson');
Insert into AUTHORS (AUTHOR_ID,AUTHOR_NAME) values (105,'Essential Reference Series');
Insert into AUTHORS (AUTHOR_ID,AUTHOR_NAME) values (106,'Evi Nemeth');
Insert into AUTHORS (AUTHOR_ID,AUTHOR_NAME) values (107,'Federico Biancuzzi');
Insert into AUTHORS (AUTHOR_ID,AUTHOR_NAME) values (108,'Frank Buschmann');
Insert into AUTHORS (AUTHOR_ID,AUTHOR_NAME) values (109,'Frederick P Brooks, Jr');
Insert into AUTHORS (AUTHOR_ID,AUTHOR_NAME) values (110,'Fritz Schneider');
Insert into AUTHORS (AUTHOR_ID,AUTHOR_NAME) values (111,'Garth Snyder');
Insert into AUTHORS (AUTHOR_ID,AUTHOR_NAME) values (112,'Gary Cornell');
Insert into AUTHORS (AUTHOR_ID,AUTHOR_NAME) values (113,'Gary D. Brown');
Insert into AUTHORS (AUTHOR_ID,AUTHOR_NAME) values (114,'George Coulouris');
Insert into AUTHORS (AUTHOR_ID,AUTHOR_NAME) values (115,'George Karypis');
Insert into AUTHORS (AUTHOR_ID,AUTHOR_NAME) values (116,'Georgios Gousios');
Insert into AUTHORS (AUTHOR_ID,AUTHOR_NAME) values (117,'Glenford J.Myers');
Insert into AUTHORS (AUTHOR_ID,AUTHOR_NAME) values (118,'Glenn Johnson');
Insert into AUTHORS (AUTHOR_ID,AUTHOR_NAME) values (119,'Grady Booch

');
Insert into AUTHORS (AUTHOR_ID,AUTHOR_NAME) values (120,'Grand Masters');
Insert into AUTHORS (AUTHOR_ID,AUTHOR_NAME) values (121,'Greg Lomow');
Insert into AUTHORS (AUTHOR_ID,AUTHOR_NAME) values (122,'Greg Riccardi');
Insert into AUTHORS (AUTHOR_ID,AUTHOR_NAME) values (123,'Gregory A.Beamer');
Insert into AUTHORS (AUTHOR_ID,AUTHOR_NAME) values (124,'Gunnar Overgaard');
Insert into AUTHORS (AUTHOR_ID,AUTHOR_NAME) values (125,'Hans Rohnert');
Insert into AUTHORS (AUTHOR_ID,AUTHOR_NAME) values (126,'Heather  Williamson');
Insert into AUTHORS (AUTHOR_ID,AUTHOR_NAME) values (127,'Herbert J. Mattord');
Insert into AUTHORS (AUTHOR_ID,AUTHOR_NAME) values (128,'Herbert Schildt');
Insert into AUTHORS (AUTHOR_ID,AUTHOR_NAME) values (129,'Hugo Haas');
Insert into AUTHORS (AUTHOR_ID,AUTHOR_NAME) values (130,'Ian Evans');
Insert into AUTHORS (AUTHOR_ID,AUTHOR_NAME) values (131,'Ian Graham');
Insert into AUTHORS (AUTHOR_ID,AUTHOR_NAME) values (132,'Imar Spaanjaars');
Insert into AUTHORS (AUTHOR_ID,AUTHOR_NAME) values (133,'Ivar Jacobson');
Insert into AUTHORS (AUTHOR_ID,AUTHOR_NAME) values (134,'J P Vossen');
Insert into AUTHORS (AUTHOR_ID,AUTHOR_NAME) values (135,'J. K. Suresh');
Insert into AUTHORS (AUTHOR_ID,AUTHOR_NAME) values (136,'J.D.Meier');
Insert into AUTHORS (AUTHOR_ID,AUTHOR_NAME) values (137,'James Gosling');
Insert into AUTHORS (AUTHOR_ID,AUTHOR_NAME) values (138,'James O''Neill');
Insert into AUTHORS (AUTHOR_ID,AUTHOR_NAME) values (139,'James Pasley');
Insert into AUTHORS (AUTHOR_ID,AUTHOR_NAME) values (140,'James Rumbaugh');
Insert into AUTHORS (AUTHOR_ID,AUTHOR_NAME) values (141,'James W Conley');
Insert into AUTHORS (AUTHOR_ID,AUTHOR_NAME) values (142,'Jason Taylor');
Insert into AUTHORS (AUTHOR_ID,AUTHOR_NAME) values (143,'Jean Dollimore');
Insert into AUTHORS (AUTHOR_ID,AUTHOR_NAME) values (144,'Jean-Luc David');
Insert into AUTHORS (AUTHOR_ID,AUTHOR_NAME) values (145,'Jeff Cochran');
Insert into AUTHORS (AUTHOR_ID,AUTHOR_NAME) values (146,'Jeffrey D.Ullman');
Insert into AUTHORS (AUTHOR_ID,AUTHOR_NAME) values (147,'Jeffrey R. Shapiro');
Insert into AUTHORS (AUTHOR_ID,AUTHOR_NAME) values (148,'Jeffrey Rosen');
Insert into AUTHORS (AUTHOR_ID,AUTHOR_NAME) values (149,'Jennifer Ball');
Insert into AUTHORS (AUTHOR_ID,AUTHOR_NAME) values (150,'Jennifer Greene');
Insert into AUTHORS (AUTHOR_ID,AUTHOR_NAME) values (151,'Jeremy McPeak');
Insert into AUTHORS (AUTHOR_ID,AUTHOR_NAME) values (152,'Jerry Peek');
Insert into AUTHORS (AUTHOR_ID,AUTHOR_NAME) values (153,'Jesse Liberty');
Insert into AUTHORS (AUTHOR_ID,AUTHOR_NAME) values (154,'Jiawei Han ');
Insert into AUTHORS (AUTHOR_ID,AUTHOR_NAME) values (155,'Jill T. Lawrence');
Insert into AUTHORS (AUTHOR_ID,AUTHOR_NAME) values (156,'Jim Conallen');
Insert into AUTHORS (AUTHOR_ID,AUTHOR_NAME) values (157,'Jim Gray');
Insert into AUTHORS (AUTHOR_ID,AUTHOR_NAME) values (158,'Jim Keogh');
Insert into AUTHORS (AUTHOR_ID,AUTHOR_NAME) values (159,'Jim Knowlton');
Insert into AUTHORS (AUTHOR_ID,AUTHOR_NAME) values (160,'Joao Pedro Soares Fernandes');
Insert into AUTHORS (AUTHOR_ID,AUTHOR_NAME) values (161,'Joe Caserta');
Insert into AUTHORS (AUTHOR_ID,AUTHOR_NAME) values (162,'Joe Fawcett');
Insert into AUTHORS (AUTHOR_ID,AUTHOR_NAME) values (163,'John Bloomer');
Insert into AUTHORS (AUTHOR_ID,AUTHOR_NAME) values (164,'John Crupi');
Insert into AUTHORS (AUTHOR_ID,AUTHOR_NAME) values (165,'John Deacon');
Insert into AUTHORS (AUTHOR_ID,AUTHOR_NAME) values (166,'John E.Hopcroft');
Insert into AUTHORS (AUTHOR_ID,AUTHOR_NAME) values (167,'John Hennessy');
Insert into AUTHORS (AUTHOR_ID,AUTHOR_NAME) values (168,'John J. Croft IV');
Insert into AUTHORS (AUTHOR_ID,AUTHOR_NAME) values (169,'John T. Bell');
Insert into AUTHORS (AUTHOR_ID,AUTHOR_NAME) values (170,'John Viega');
Insert into AUTHORS (AUTHOR_ID,AUTHOR_NAME) values (171,'John Vlissides');
Insert into AUTHORS (AUTHOR_ID,AUTHOR_NAME) values (172,'Joli Ballew');
Insert into AUTHORS (AUTHOR_ID,AUTHOR_NAME) values (173,'Jon Bentley');
Insert into AUTHORS (AUTHOR_ID,AUTHOR_NAME) values (174,'Jon Eaves');
Insert into AUTHORS (AUTHOR_ID,AUTHOR_NAME) values (175,'Jonathan Hassell');
Insert into AUTHORS (AUTHOR_ID,AUTHOR_NAME) values (176,'Joseph Davies');
Insert into AUTHORS (AUTHOR_ID,AUTHOR_NAME) values (177,'Joy Munday');
Insert into AUTHORS (AUTHOR_ID,AUTHOR_NAME) values (178,'Kathy Sierra');
Insert into AUTHORS (AUTHOR_ID,AUTHOR_NAME) values (179,'Kavi Mahesh');
Insert into AUTHORS (AUTHOR_ID,AUTHOR_NAME) values (180,'Kelli Houston');
Insert into AUTHORS (AUTHOR_ID,AUTHOR_NAME) values (181,'Kelly L. Murdock');
Insert into AUTHORS (AUTHOR_ID,AUTHOR_NAME) values (182,'Ken Arnold');
Insert into AUTHORS (AUTHOR_ID,AUTHOR_NAME) values (183,'Ken Schaefer');
Insert into AUTHORS (AUTHOR_ID,AUTHOR_NAME) values (184,'Kevin Jones');
Insert into AUTHORS (AUTHOR_ID,AUTHOR_NAME) values (185,'Khalid Sayood');
Insert into AUTHORS (AUTHOR_ID,AUTHOR_NAME) values (186,'Kim Haase');
Insert into AUTHORS (AUTHOR_ID,AUTHOR_NAME) values (187,'Klara Nahrstedt');
Insert into AUTHORS (AUTHOR_ID,AUTHOR_NAME) values (188,'Kogent Learning Solutions Inc');
Insert into AUTHORS (AUTHOR_ID,AUTHOR_NAME) values (189,'Larry Brown');
Insert into AUTHORS (AUTHOR_ID,AUTHOR_NAME) values (190,'Laurence Moroney');
Insert into AUTHORS (AUTHOR_ID,AUTHOR_NAME) values (191,'Lawrence Landaues');
Insert into AUTHORS (AUTHOR_ID,AUTHOR_NAME) values (192,'Len Bass, ');
Insert into AUTHORS (AUTHOR_ID,AUTHOR_NAME) values (193,'Leonard Lobel');
Insert into AUTHORS (AUTHOR_ID,AUTHOR_NAME) values (194,'Lisa DaNae Dayley');
Insert into AUTHORS (AUTHOR_ID,AUTHOR_NAME) values (195,'M.K. Roy');
Insert into AUTHORS (AUTHOR_ID,AUTHOR_NAME) values (196,'M.S.Krishnan');
Insert into AUTHORS (AUTHOR_ID,AUTHOR_NAME) values (197,'Maark E. Russinovich ');
Insert into AUTHORS (AUTHOR_ID,AUTHOR_NAME) values (198,'Magnus Christerson');
Insert into AUTHORS (AUTHOR_ID,AUTHOR_NAME) values (199,'Malcolm Gladwell');
Insert into AUTHORS (AUTHOR_ID,AUTHOR_NAME) values (200,'Malhar Barai');
Insert into AUTHORS (AUTHOR_ID,AUTHOR_NAME) values (201,'Mankin');
Insert into AUTHORS (AUTHOR_ID,AUTHOR_NAME) values (202,'Manoj Subhadevan');
Insert into AUTHORS (AUTHOR_ID,AUTHOR_NAME) values (203,'Marc J. Rochkind');
Insert into AUTHORS (AUTHOR_ID,AUTHOR_NAME) values (204,'Margy Ross');
Insert into AUTHORS (AUTHOR_ID,AUTHOR_NAME) values (205,'Mark E. Russinovich');
Insert into AUTHORS (AUTHOR_ID,AUTHOR_NAME) values (206,'Marten Van Steen');
Insert into AUTHORS (AUTHOR_ID,AUTHOR_NAME) values (207,'Martin Fowler');
Insert into AUTHORS (AUTHOR_ID,AUTHOR_NAME) values (208,'Marty Hall');
Insert into AUTHORS (AUTHOR_ID,AUTHOR_NAME) values (209,'Mary Shaw David Garlan');
Insert into AUTHORS (AUTHOR_ID,AUTHOR_NAME) values (210,'Maurice J. Bach');
Insert into AUTHORS (AUTHOR_ID,AUTHOR_NAME) values (211,'Michael Blaha
');
Insert into AUTHORS (AUTHOR_ID,AUTHOR_NAME) values (212,'Michael Dang');
Insert into AUTHORS (AUTHOR_ID,AUTHOR_NAME) values (213,'Michael E. Whitman');
Insert into AUTHORS (AUTHOR_ID,AUTHOR_NAME) values (214,'Michael Engle');
Insert into AUTHORS (AUTHOR_ID,AUTHOR_NAME) values (215,'Michael J.Folk');
Insert into AUTHORS (AUTHOR_ID,AUTHOR_NAME) values (216,'Michael Stal');
Insert into AUTHORS (AUTHOR_ID,AUTHOR_NAME) values (217,'Michale J. Folk');
Insert into AUTHORS (AUTHOR_ID,AUTHOR_NAME) values (218,'Micheline Kamber');
Insert into AUTHORS (AUTHOR_ID,AUTHOR_NAME) values (219,'Mickey Gousset');
Insert into AUTHORS (AUTHOR_ID,AUTHOR_NAME) values (220,'Mike Everest');
Insert into AUTHORS (AUTHOR_ID,AUTHOR_NAME) values (221,'Mike Loukides');
Insert into AUTHORS (AUTHOR_ID,AUTHOR_NAME) values (222,'Mike Snell');
Insert into AUTHORS (AUTHOR_ID,AUTHOR_NAME) values (223,'Moshe J. Augenstein');
Insert into AUTHORS (AUTHOR_ID,AUTHOR_NAME) values (224,'Nancy Stern');
Insert into AUTHORS (AUTHOR_ID,AUTHOR_NAME) values (225,'Nassim Nicholas Taleb');
Insert into AUTHORS (AUTHOR_ID,AUTHOR_NAME) values (226,'Nicholas C.Zakas');
Insert into AUTHORS (AUTHOR_ID,AUTHOR_NAME) values (227,'Nicolai M. Josuttis');
Insert into AUTHORS (AUTHOR_ID,AUTHOR_NAME) values (228,'Owen Cline ');
Insert into AUTHORS (AUTHOR_ID,AUTHOR_NAME) values (229,'Patrick O'' Neil');
Insert into AUTHORS (AUTHOR_ID,AUTHOR_NAME) values (230,'Patrick Tisseghem');
Insert into AUTHORS (AUTHOR_ID,AUTHOR_NAME) values (231,'Patrik Jonsson');
Insert into AUTHORS (AUTHOR_ID,AUTHOR_NAME) values (232,'Paul Clements');
Insert into AUTHORS (AUTHOR_ID,AUTHOR_NAME) values (233,'Paul Iarrera');
Insert into AUTHORS (AUTHOR_ID,AUTHOR_NAME) values (234,'Peter F.Drucker');
Insert into AUTHORS (AUTHOR_ID,AUTHOR_NAME) values (235,'Peter Sommerlad');
Insert into AUTHORS (AUTHOR_ID,AUTHOR_NAME) values (236,'Peter Van Sickel');
Insert into AUTHORS (AUTHOR_ID,AUTHOR_NAME) values (237,'Phil Hanna');
Insert into AUTHORS (AUTHOR_ID,AUTHOR_NAME) values (238,'Phili A.Bernstein');
Insert into AUTHORS (AUTHOR_ID,AUTHOR_NAME) values (239,'Philippe Bonnet');
Insert into AUTHORS (AUTHOR_ID,AUTHOR_NAME) values (240,'Phillip Laplante');
Insert into AUTHORS (AUTHOR_ID,AUTHOR_NAME) values (241,'Prakash Goteti');
Insert into AUTHORS (AUTHOR_ID,AUTHOR_NAME) values (242,'Prashant Bansode');
Insert into AUTHORS (AUTHOR_ID,AUTHOR_NAME) values (243,'Priscilla Walmsley');
Insert into AUTHORS (AUTHOR_ID,AUTHOR_NAME) values (244,'Raffi Kasparian');
Insert into AUTHORS (AUTHOR_ID,AUTHOR_NAME) values (245,'Raj Jain');
Insert into AUTHORS (AUTHOR_ID,AUTHOR_NAME) values (246,'Ralf Steinmetz ');
Insert into AUTHORS (AUTHOR_ID,AUTHOR_NAME) values (247,'Ralph Johnson');
Insert into AUTHORS (AUTHOR_ID,AUTHOR_NAME) values (248,'Ralph Kimball');
Insert into AUTHORS (AUTHOR_ID,AUTHOR_NAME) values (249,'Rama Turaga');
Insert into AUTHORS (AUTHOR_ID,AUTHOR_NAME) values (250,'Ramez Elmasri');
Insert into AUTHORS (AUTHOR_ID,AUTHOR_NAME) values (251,'Raul F.Chong');
Insert into AUTHORS (AUTHOR_ID,AUTHOR_NAME) values (252,'Regine Meunier');
Insert into AUTHORS (AUTHOR_ID,AUTHOR_NAME) values (253,'Richard F. Gilberg ');
Insert into AUTHORS (AUTHOR_ID,AUTHOR_NAME) values (254,'Richard Helm');
Insert into AUTHORS (AUTHOR_ID,AUTHOR_NAME) values (255,'Richard Monson-Haefel');
Insert into AUTHORS (AUTHOR_ID,AUTHOR_NAME) values (256,'Rick Kazman');
Insert into AUTHORS (AUTHOR_ID,AUTHOR_NAME) values (257,'Rick Miller');
Insert into AUTHORS (AUTHOR_ID,AUTHOR_NAME) values (258,'Robert A. Stern');
Insert into AUTHORS (AUTHOR_ID,AUTHOR_NAME) values (259,'Robert Maksimchuk');
Insert into AUTHORS (AUTHOR_ID,AUTHOR_NAME) values (260,'Robert Reinhardt ');
Insert into AUTHORS (AUTHOR_ID,AUTHOR_NAME) values (261,'Robpike');
Insert into AUTHORS (AUTHOR_ID,AUTHOR_NAME) values (262,'Roger Jennings');
Insert into AUTHORS (AUTHOR_ID,AUTHOR_NAME) values (263,'Roger S.Pressman ');
Insert into AUTHORS (AUTHOR_ID,AUTHOR_NAME) values (264,'Ronald G.Ross');
Insert into AUTHORS (AUTHOR_ID,AUTHOR_NAME) values (265,'Ronald Krutz');
Insert into AUTHORS (AUTHOR_ID,AUTHOR_NAME) values (266,'Ronald Rivest');
Insert into AUTHORS (AUTHOR_ID,AUTHOR_NAME) values (267,'Rupert Jones');
Insert into AUTHORS (AUTHOR_ID,AUTHOR_NAME) values (268,'S. Sangeetha');
Insert into AUTHORS (AUTHOR_ID,AUTHOR_NAME) values (269,'S. Swamynathan');
Insert into AUTHORS (AUTHOR_ID,AUTHOR_NAME) values (270,'S.A.M. Smith');
Insert into AUTHORS (AUTHOR_ID,AUTHOR_NAME) values (271,'S.V Subrahmanya');
Insert into AUTHORS (AUTHOR_ID,AUTHOR_NAME) values (272,'Sanguthevar Rajasekaran');
Insert into AUTHORS (AUTHOR_ID,AUTHOR_NAME) values (273,'Sartaj Sahni');
Insert into AUTHORS (AUTHOR_ID,AUTHOR_NAME) values (274,'Sasha Goldshtein');
Insert into AUTHORS (AUTHOR_ID,AUTHOR_NAME) values (275,'Scoot Fordin');
Insert into AUTHORS (AUTHOR_ID,AUTHOR_NAME) values (276,'Scott Forsyth Rob Baugh');
Insert into AUTHORS (AUTHOR_ID,AUTHOR_NAME) values (277,'Scott Seebass');
Insert into AUTHORS (AUTHOR_ID,AUTHOR_NAME) values (278,'Scott Stevenson');
Insert into AUTHORS (AUTHOR_ID,AUTHOR_NAME) values (279,'Shalini Gupta ');
Insert into AUTHORS (AUTHOR_ID,AUTHOR_NAME) values (280,'Sham kant B. Navathe');
Insert into AUTHORS (AUTHOR_ID,AUTHOR_NAME) values (281,'Shane Warden');
Insert into AUTHORS (AUTHOR_ID,AUTHOR_NAME) values (282,'Shelley Powers');
Insert into AUTHORS (AUTHOR_ID,AUTHOR_NAME) values (283,'Sing Li');
Insert into AUTHORS (AUTHOR_ID,AUTHOR_NAME) values (284,'Snow Dowd');
Insert into AUTHORS (AUTHOR_ID,AUTHOR_NAME) values (285,'Stephen A. Rago');
Insert into AUTHORS (AUTHOR_ID,AUTHOR_NAME) values (286,'Stephen Forte');
Insert into AUTHORS (AUTHOR_ID,AUTHOR_NAME) values (287,'Stephen G. Kochan');
Insert into AUTHORS (AUTHOR_ID,AUTHOR_NAME) values (288,'Stephen J.Dubner');
Insert into AUTHORS (AUTHOR_ID,AUTHOR_NAME) values (289,'Steve Holzner');
Insert into AUTHORS (AUTHOR_ID,AUTHOR_NAME) values (290,'Steve Mcconnell');
Insert into AUTHORS (AUTHOR_ID,AUTHOR_NAME) values (291,'Steven D.Levitt ');
Insert into AUTHORS (AUTHOR_ID,AUTHOR_NAME) values (292,'Steven Feuerstein with Bill Pribyl');
Insert into AUTHORS (AUTHOR_ID,AUTHOR_NAME) values (293,'Steven Holzner');
Insert into AUTHORS (AUTHOR_ID,AUTHOR_NAME) values (294,'Stuart Bennett');
Insert into AUTHORS (AUTHOR_ID,AUTHOR_NAME) values (295,'Sudeep Mallick');
Insert into AUTHORS (AUTHOR_ID,AUTHOR_NAME) values (296,'Sumitabha Das');
Insert into AUTHORS (AUTHOR_ID,AUTHOR_NAME) values (297,'SYS Admin ');
Insert into AUTHORS (AUTHOR_ID,AUTHOR_NAME) values (298,'Teresa S. Stover');
Insert into AUTHORS (AUTHOR_ID,AUTHOR_NAME) values (299,'Thomas A. Powell');
Insert into AUTHORS (AUTHOR_ID,AUTHOR_NAME) values (300,'Thomas Cormen');
Insert into AUTHORS (AUTHOR_ID,AUTHOR_NAME) values (301,'Thomas Erl');
Insert into AUTHORS (AUTHOR_ID,AUTHOR_NAME) values (302,'Thomas Powell ');
Insert into AUTHORS (AUTHOR_ID,AUTHOR_NAME) values (303,'Tim Kindberg');
Insert into AUTHORS (AUTHOR_ID,AUTHOR_NAME) values (304,'Tim O''Reilly');
Insert into AUTHORS (AUTHOR_ID,AUTHOR_NAME) values (305,'Tom Gallagher');
Insert into AUTHORS (AUTHOR_ID,AUTHOR_NAME) values (306,'Tom Pender');
Insert into AUTHORS (AUTHOR_ID,AUTHOR_NAME) values (307,'Tony Northrup');
Insert into AUTHORS (AUTHOR_ID,AUTHOR_NAME) values (308,'Trent R. Hein');
Insert into AUTHORS (AUTHOR_ID,AUTHOR_NAME) values (309,'Umit Yalcinalp');
Insert into AUTHORS (AUTHOR_ID,AUTHOR_NAME) values (310,'Uresh Vahalli');
Insert into AUTHORS (AUTHOR_ID,AUTHOR_NAME) values (311,'Vincenzo Caselli');
Insert into AUTHORS (AUTHOR_ID,AUTHOR_NAME) values (312,'Vipin Kumar');
Insert into AUTHORS (AUTHOR_ID,AUTHOR_NAME) values (313,'Vivek Chopra');
Insert into AUTHORS (AUTHOR_ID,AUTHOR_NAME) values (314,'W. Richard Stevens');
Insert into AUTHORS (AUTHOR_ID,AUTHOR_NAME) values (315,'Wallace B. McClure');
Insert into AUTHORS (AUTHOR_ID,AUTHOR_NAME) values (316,'Warren Thornthwaite');
Insert into AUTHORS (AUTHOR_ID,AUTHOR_NAME) values (317,'Wei-Meng Lee');
Insert into AUTHORS (AUTHOR_ID,AUTHOR_NAME) values (318,'Wenbo Mao');
Insert into AUTHORS (AUTHOR_ID,AUTHOR_NAME) values (319,'William B. Sanders');
Insert into AUTHORS (AUTHOR_ID,AUTHOR_NAME) values (320,'William H. Inmon');
Insert into AUTHORS (AUTHOR_ID,AUTHOR_NAME) values (321,'William H.Rice IV');
Insert into AUTHORS (AUTHOR_ID,AUTHOR_NAME) values (322,'William R. Stanek');
Insert into AUTHORS (AUTHOR_ID,AUTHOR_NAME) values (323,'William Stalling');
Insert into AUTHORS (AUTHOR_ID,AUTHOR_NAME) values (324,'Xiaomei Wang');
Insert into AUTHORS (AUTHOR_ID,AUTHOR_NAME) values (325,'Y Ves Lepage');
Insert into AUTHORS (AUTHOR_ID,AUTHOR_NAME) values (326,'Y. Daniel Liang');
Insert into AUTHORS (AUTHOR_ID,AUTHOR_NAME) values (327,'Yashavant P. Kanetkar');
Insert into AUTHORS (AUTHOR_ID,AUTHOR_NAME) values (328,'Yedidyah Langram
');
Insert into AUTHORS (AUTHOR_ID,AUTHOR_NAME) values (329,'Yochay Kiriaty');
Insert into AUTHORS (AUTHOR_ID,AUTHOR_NAME) values (330,'Yukihisa Kageyama');
Insert into AUTHORS (AUTHOR_ID,AUTHOR_NAME) values (331,'David Patterson');
REM INSERTING into BOOK_AUTHOR
Insert into BOOK_AUTHOR (BOOK_ID,AUTHOR_ID) values ('B0001',273);
Insert into BOOK_AUTHOR (BOOK_ID,AUTHOR_ID) values ('B0002',32);
Insert into BOOK_AUTHOR (BOOK_ID,AUTHOR_ID) values ('B0003',128);
Insert into BOOK_AUTHOR (BOOK_ID,AUTHOR_ID) values ('B0004',16);
Insert into BOOK_AUTHOR (BOOK_ID,AUTHOR_ID) values ('B0005',26);
Insert into BOOK_AUTHOR (BOOK_ID,AUTHOR_ID) values ('B0005',97);
Insert into BOOK_AUTHOR (BOOK_ID,AUTHOR_ID) values ('B0005',141);
Insert into BOOK_AUTHOR (BOOK_ID,AUTHOR_ID) values ('B0006',88);
Insert into BOOK_AUTHOR (BOOK_ID,AUTHOR_ID) values ('B0007',37);
Insert into BOOK_AUTHOR (BOOK_ID,AUTHOR_ID) values ('B0007',201);
Insert into BOOK_AUTHOR (BOOK_ID,AUTHOR_ID) values ('B0008',74);
Insert into BOOK_AUTHOR (BOOK_ID,AUTHOR_ID) values ('B0008',88);
Insert into BOOK_AUTHOR (BOOK_ID,AUTHOR_ID) values ('B0009',74);
Insert into BOOK_AUTHOR (BOOK_ID,AUTHOR_ID) values ('B0009',88);
Insert into BOOK_AUTHOR (BOOK_ID,AUTHOR_ID) values ('B0010',24);
Insert into BOOK_AUTHOR (BOOK_ID,AUTHOR_ID) values ('B0010',254);
Insert into BOOK_AUTHOR (BOOK_ID,AUTHOR_ID) values ('B0010',328);
Insert into BOOK_AUTHOR (BOOK_ID,AUTHOR_ID) values ('B0011',103);
Insert into BOOK_AUTHOR (BOOK_ID,AUTHOR_ID) values ('B0011',171);
Insert into BOOK_AUTHOR (BOOK_ID,AUTHOR_ID) values ('B0011',224);
Insert into BOOK_AUTHOR (BOOK_ID,AUTHOR_ID) values ('B0011',247);
Insert into BOOK_AUTHOR (BOOK_ID,AUTHOR_ID) values ('B0012',165);
Insert into BOOK_AUTHOR (BOOK_ID,AUTHOR_ID) values ('B0013',140);
Insert into BOOK_AUTHOR (BOOK_ID,AUTHOR_ID) values ('B0013',211);
Insert into BOOK_AUTHOR (BOOK_ID,AUTHOR_ID) values ('B0014',49);
Insert into BOOK_AUTHOR (BOOK_ID,AUTHOR_ID) values ('B0015',34);
Insert into BOOK_AUTHOR (BOOK_ID,AUTHOR_ID) values ('B0015',119);
Insert into BOOK_AUTHOR (BOOK_ID,AUTHOR_ID) values ('B0015',156);
Insert into BOOK_AUTHOR (BOOK_ID,AUTHOR_ID) values ('B0015',180);
Insert into BOOK_AUTHOR (BOOK_ID,AUTHOR_ID) values ('B0015',214);
Insert into BOOK_AUTHOR (BOOK_ID,AUTHOR_ID) values ('B0015',259);
Insert into BOOK_AUTHOR (BOOK_ID,AUTHOR_ID) values ('B0016',119);
Insert into BOOK_AUTHOR (BOOK_ID,AUTHOR_ID) values ('B0016',133);
Insert into BOOK_AUTHOR (BOOK_ID,AUTHOR_ID) values ('B0016',140);
Insert into BOOK_AUTHOR (BOOK_ID,AUTHOR_ID) values ('B0017',240);
Insert into BOOK_AUTHOR (BOOK_ID,AUTHOR_ID) values ('B0018',58);
Insert into BOOK_AUTHOR (BOOK_ID,AUTHOR_ID) values ('B0019',306);
Insert into BOOK_AUTHOR (BOOK_ID,AUTHOR_ID) values ('B0020',119);
Insert into BOOK_AUTHOR (BOOK_ID,AUTHOR_ID) values ('B0020',133);
Insert into BOOK_AUTHOR (BOOK_ID,AUTHOR_ID) values ('B0020',140);
Insert into BOOK_AUTHOR (BOOK_ID,AUTHOR_ID) values ('B0021',207);
Insert into BOOK_AUTHOR (BOOK_ID,AUTHOR_ID) values ('B0022',84);
Insert into BOOK_AUTHOR (BOOK_ID,AUTHOR_ID) values ('B0023',84);
Insert into BOOK_AUTHOR (BOOK_ID,AUTHOR_ID) values ('B0024',84);
Insert into BOOK_AUTHOR (BOOK_ID,AUTHOR_ID) values ('B0025',323);
Insert into BOOK_AUTHOR (BOOK_ID,AUTHOR_ID) values ('B0026',51);
Insert into BOOK_AUTHOR (BOOK_ID,AUTHOR_ID) values ('B0026',56);
Insert into BOOK_AUTHOR (BOOK_ID,AUTHOR_ID) values ('B0026',266);
Insert into BOOK_AUTHOR (BOOK_ID,AUTHOR_ID) values ('B0026',300);
Insert into BOOK_AUTHOR (BOOK_ID,AUTHOR_ID) values ('B0027',167);
Insert into BOOK_AUTHOR (BOOK_ID,AUTHOR_ID) values ('B0027',331);
Insert into BOOK_AUTHOR (BOOK_ID,AUTHOR_ID) values ('B0028',323);
Insert into BOOK_AUTHOR (BOOK_ID,AUTHOR_ID) values ('B0029',167);
Insert into BOOK_AUTHOR (BOOK_ID,AUTHOR_ID) values ('B0029',331);
Insert into BOOK_AUTHOR (BOOK_ID,AUTHOR_ID) values ('B0030',16);
Insert into BOOK_AUTHOR (BOOK_ID,AUTHOR_ID) values ('B0031',209);
Insert into BOOK_AUTHOR (BOOK_ID,AUTHOR_ID) values ('B0032',263);
Insert into BOOK_AUTHOR (BOOK_ID,AUTHOR_ID) values ('B0033',26);
Insert into BOOK_AUTHOR (BOOK_ID,AUTHOR_ID) values ('B0033',271);
Insert into BOOK_AUTHOR (BOOK_ID,AUTHOR_ID) values ('B0034',135);
Insert into BOOK_AUTHOR (BOOK_ID,AUTHOR_ID) values ('B0034',179);
Insert into BOOK_AUTHOR (BOOK_ID,AUTHOR_ID) values ('B0035',25);
Insert into BOOK_AUTHOR (BOOK_ID,AUTHOR_ID) values ('B0036',227);
Insert into BOOK_AUTHOR (BOOK_ID,AUTHOR_ID) values ('B0037',294);
Insert into BOOK_AUTHOR (BOOK_ID,AUTHOR_ID) values ('B0038',127);
Insert into BOOK_AUTHOR (BOOK_ID,AUTHOR_ID) values ('B0038',213);
Insert into BOOK_AUTHOR (BOOK_ID,AUTHOR_ID) values ('B0039',114);
Insert into BOOK_AUTHOR (BOOK_ID,AUTHOR_ID) values ('B0039',143);
Insert into BOOK_AUTHOR (BOOK_ID,AUTHOR_ID) values ('B0039',303);
Insert into BOOK_AUTHOR (BOOK_ID,AUTHOR_ID) values ('B0040',202);
Insert into BOOK_AUTHOR (BOOK_ID,AUTHOR_ID) values ('B0040',271);
Insert into BOOK_AUTHOR (BOOK_ID,AUTHOR_ID) values ('B0040',295);
Insert into BOOK_AUTHOR (BOOK_ID,AUTHOR_ID) values ('B0041',59);
Insert into BOOK_AUTHOR (BOOK_ID,AUTHOR_ID) values ('B0042',113);
Insert into BOOK_AUTHOR (BOOK_ID,AUTHOR_ID) values ('B0042',270);
Insert into BOOK_AUTHOR (BOOK_ID,AUTHOR_ID) values ('B0043',330);
Insert into BOOK_AUTHOR (BOOK_ID,AUTHOR_ID) values ('B0044',224);
Insert into BOOK_AUTHOR (BOOK_ID,AUTHOR_ID) values ('B0044',258);
Insert into BOOK_AUTHOR (BOOK_ID,AUTHOR_ID) values ('B0045',62);
Insert into BOOK_AUTHOR (BOOK_ID,AUTHOR_ID) values ('B0045',195);
Insert into BOOK_AUTHOR (BOOK_ID,AUTHOR_ID) values ('B0046',87);
Insert into BOOK_AUTHOR (BOOK_ID,AUTHOR_ID) values ('B0047',204);
Insert into BOOK_AUTHOR (BOOK_ID,AUTHOR_ID) values ('B0047',248);
Insert into BOOK_AUTHOR (BOOK_ID,AUTHOR_ID) values ('B0048',161);
Insert into BOOK_AUTHOR (BOOK_ID,AUTHOR_ID) values ('B0048',248);
Insert into BOOK_AUTHOR (BOOK_ID,AUTHOR_ID) values ('B0049',33);
Insert into BOOK_AUTHOR (BOOK_ID,AUTHOR_ID) values ('B0049',177);
Insert into BOOK_AUTHOR (BOOK_ID,AUTHOR_ID) values ('B0049',204);
Insert into BOOK_AUTHOR (BOOK_ID,AUTHOR_ID) values ('B0049',248);
Insert into BOOK_AUTHOR (BOOK_ID,AUTHOR_ID) values ('B0049',316);
Insert into BOOK_AUTHOR (BOOK_ID,AUTHOR_ID) values ('B0050',23);
Insert into BOOK_AUTHOR (BOOK_ID,AUTHOR_ID) values ('B0051',154);
Insert into BOOK_AUTHOR (BOOK_ID,AUTHOR_ID) values ('B0051',218);
Insert into BOOK_AUTHOR (BOOK_ID,AUTHOR_ID) values ('B0052',41);
Insert into BOOK_AUTHOR (BOOK_ID,AUTHOR_ID) values ('B0053',94);
Insert into BOOK_AUTHOR (BOOK_ID,AUTHOR_ID) values ('B0053',229);
Insert into BOOK_AUTHOR (BOOK_ID,AUTHOR_ID) values ('B0054',323);
Insert into BOOK_AUTHOR (BOOK_ID,AUTHOR_ID) values ('B0055',318);
Insert into BOOK_AUTHOR (BOOK_ID,AUTHOR_ID) values ('B0056',250);
Insert into BOOK_AUTHOR (BOOK_ID,AUTHOR_ID) values ('B0056',280);
Insert into BOOK_AUTHOR (BOOK_ID,AUTHOR_ID) values ('B0057',185);
Insert into BOOK_AUTHOR (BOOK_ID,AUTHOR_ID) values ('B0058',52);
Insert into BOOK_AUTHOR (BOOK_ID,AUTHOR_ID) values ('B0059',1);
Insert into BOOK_AUTHOR (BOOK_ID,AUTHOR_ID) values ('B0059',44);
Insert into BOOK_AUTHOR (BOOK_ID,AUTHOR_ID) values ('B0059',269);
Insert into BOOK_AUTHOR (BOOK_ID,AUTHOR_ID) values ('B0060',28);
Insert into BOOK_AUTHOR (BOOK_ID,AUTHOR_ID) values ('B0060',178);
Insert into BOOK_AUTHOR (BOOK_ID,AUTHOR_ID) values ('B0061',72);
Insert into BOOK_AUTHOR (BOOK_ID,AUTHOR_ID) values ('B0062',326);
Insert into BOOK_AUTHOR (BOOK_ID,AUTHOR_ID) values ('B0063',73);
Insert into BOOK_AUTHOR (BOOK_ID,AUTHOR_ID) values ('B0063',137);
Insert into BOOK_AUTHOR (BOOK_ID,AUTHOR_ID) values ('B0063',182);
Insert into BOOK_AUTHOR (BOOK_ID,AUTHOR_ID) values ('B0063',241);
Insert into BOOK_AUTHOR (BOOK_ID,AUTHOR_ID) values ('B0064',28);
Insert into BOOK_AUTHOR (BOOK_ID,AUTHOR_ID) values ('B0064',178);
Insert into BOOK_AUTHOR (BOOK_ID,AUTHOR_ID) values ('B0065',66);
Insert into BOOK_AUTHOR (BOOK_ID,AUTHOR_ID) values ('B0065',78);
Insert into BOOK_AUTHOR (BOOK_ID,AUTHOR_ID) values ('B0065',164);
Insert into BOOK_AUTHOR (BOOK_ID,AUTHOR_ID) values ('B0066',255);
Insert into BOOK_AUTHOR (BOOK_ID,AUTHOR_ID) values ('B0067',77);
Insert into BOOK_AUTHOR (BOOK_ID,AUTHOR_ID) values ('B0067',100);
Insert into BOOK_AUTHOR (BOOK_ID,AUTHOR_ID) values ('B0067',130);
Insert into BOOK_AUTHOR (BOOK_ID,AUTHOR_ID) values ('B0067',149);
Insert into BOOK_AUTHOR (BOOK_ID,AUTHOR_ID) values ('B0067',186);
Insert into BOOK_AUTHOR (BOOK_ID,AUTHOR_ID) values ('B0067',275);
Insert into BOOK_AUTHOR (BOOK_ID,AUTHOR_ID) values ('B0068',21);
Insert into BOOK_AUTHOR (BOOK_ID,AUTHOR_ID) values ('B0069',26);
Insert into BOOK_AUTHOR (BOOK_ID,AUTHOR_ID) values ('B0069',268);
Insert into BOOK_AUTHOR (BOOK_ID,AUTHOR_ID) values ('B0069',271);
Insert into BOOK_AUTHOR (BOOK_ID,AUTHOR_ID) values ('B0070',126);
Insert into BOOK_AUTHOR (BOOK_ID,AUTHOR_ID) values ('B0071',299);
Insert into BOOK_AUTHOR (BOOK_ID,AUTHOR_ID) values ('B0072',69);
Insert into BOOK_AUTHOR (BOOK_ID,AUTHOR_ID) values ('B0073',70);
Insert into BOOK_AUTHOR (BOOK_ID,AUTHOR_ID) values ('B0073',205);
Insert into BOOK_AUTHOR (BOOK_ID,AUTHOR_ID) values ('B0074',8);
Insert into BOOK_AUTHOR (BOOK_ID,AUTHOR_ID) values ('B0074',190);
Insert into BOOK_AUTHOR (BOOK_ID,AUTHOR_ID) values ('B0074',274);
Insert into BOOK_AUTHOR (BOOK_ID,AUTHOR_ID) values ('B0074',329);
Insert into BOOK_AUTHOR (BOOK_ID,AUTHOR_ID) values ('B0075',230);
Insert into BOOK_AUTHOR (BOOK_ID,AUTHOR_ID) values ('B0076',298);
Insert into BOOK_AUTHOR (BOOK_ID,AUTHOR_ID) values ('B0077',40);
Insert into BOOK_AUTHOR (BOOK_ID,AUTHOR_ID) values ('B0078',12);
Insert into BOOK_AUTHOR (BOOK_ID,AUTHOR_ID) values ('B0078',193);
Insert into BOOK_AUTHOR (BOOK_ID,AUTHOR_ID) values ('B0078',286);
Insert into BOOK_AUTHOR (BOOK_ID,AUTHOR_ID) values ('B0079',85);
Insert into BOOK_AUTHOR (BOOK_ID,AUTHOR_ID) values ('B0080',81);
Insert into BOOK_AUTHOR (BOOK_ID,AUTHOR_ID) values ('B0081',188);
Insert into BOOK_AUTHOR (BOOK_ID,AUTHOR_ID) values ('B0082',5);
Insert into BOOK_AUTHOR (BOOK_ID,AUTHOR_ID) values ('B0082',70);
Insert into BOOK_AUTHOR (BOOK_ID,AUTHOR_ID) values ('B0082',197);
Insert into BOOK_AUTHOR (BOOK_ID,AUTHOR_ID) values ('B0083',147);
Insert into BOOK_AUTHOR (BOOK_ID,AUTHOR_ID) values ('B0084',322);
Insert into BOOK_AUTHOR (BOOK_ID,AUTHOR_ID) values ('B0085',322);
Insert into BOOK_AUTHOR (BOOK_ID,AUTHOR_ID) values ('B0086',175);
Insert into BOOK_AUTHOR (BOOK_ID,AUTHOR_ID) values ('B0087',233);
Insert into BOOK_AUTHOR (BOOK_ID,AUTHOR_ID) values ('B0087',325);
Insert into BOOK_AUTHOR (BOOK_ID,AUTHOR_ID) values ('B0088',163);
Insert into BOOK_AUTHOR (BOOK_ID,AUTHOR_ID) values ('B0089',22);
Insert into BOOK_AUTHOR (BOOK_ID,AUTHOR_ID) values ('B0089',63);
Insert into BOOK_AUTHOR (BOOK_ID,AUTHOR_ID) values ('B0090',152);
Insert into BOOK_AUTHOR (BOOK_ID,AUTHOR_ID) values ('B0090',221);
Insert into BOOK_AUTHOR (BOOK_ID,AUTHOR_ID) values ('B0090',282);
Insert into BOOK_AUTHOR (BOOK_ID,AUTHOR_ID) values ('B0090',304);
Insert into BOOK_AUTHOR (BOOK_ID,AUTHOR_ID) values ('B0091',310);
Insert into BOOK_AUTHOR (BOOK_ID,AUTHOR_ID) values ('B0092',46);
Insert into BOOK_AUTHOR (BOOK_ID,AUTHOR_ID) values ('B0092',48);
Insert into BOOK_AUTHOR (BOOK_ID,AUTHOR_ID) values ('B0092',134);
Insert into BOOK_AUTHOR (BOOK_ID,AUTHOR_ID) values ('B0093',53);
Insert into BOOK_AUTHOR (BOOK_ID,AUTHOR_ID) values ('B0093',98);
Insert into BOOK_AUTHOR (BOOK_ID,AUTHOR_ID) values ('B0094',314);
Insert into BOOK_AUTHOR (BOOK_ID,AUTHOR_ID) values ('B0095',105);
Insert into BOOK_AUTHOR (BOOK_ID,AUTHOR_ID) values ('B0095',297);
Insert into BOOK_AUTHOR (BOOK_ID,AUTHOR_ID) values ('B0096',210);
Insert into BOOK_AUTHOR (BOOK_ID,AUTHOR_ID) values ('B0097',106);
Insert into BOOK_AUTHOR (BOOK_ID,AUTHOR_ID) values ('B0097',111);
Insert into BOOK_AUTHOR (BOOK_ID,AUTHOR_ID) values ('B0097',277);
Insert into BOOK_AUTHOR (BOOK_ID,AUTHOR_ID) values ('B0097',308);
Insert into BOOK_AUTHOR (BOOK_ID,AUTHOR_ID) values ('B0098',39);
Insert into BOOK_AUTHOR (BOOK_ID,AUTHOR_ID) values ('B0098',261);
Insert into BOOK_AUTHOR (BOOK_ID,AUTHOR_ID) values ('B0099',210);
Insert into BOOK_AUTHOR (BOOK_ID,AUTHOR_ID) values ('B0100',327);
Insert into BOOK_AUTHOR (BOOK_ID,AUTHOR_ID) values ('B0101',102);
Insert into BOOK_AUTHOR (BOOK_ID,AUTHOR_ID) values ('B0102',203);
Insert into BOOK_AUTHOR (BOOK_ID,AUTHOR_ID) values ('B0103',285);
Insert into BOOK_AUTHOR (BOOK_ID,AUTHOR_ID) values ('B0103',314);
Insert into BOOK_AUTHOR (BOOK_ID,AUTHOR_ID) values ('B0104',314);
Insert into BOOK_AUTHOR (BOOK_ID,AUTHOR_ID) values ('B0105',314);
Insert into BOOK_AUTHOR (BOOK_ID,AUTHOR_ID) values ('B0106',314);
Insert into BOOK_AUTHOR (BOOK_ID,AUTHOR_ID) values ('B0107',13);
Insert into BOOK_AUTHOR (BOOK_ID,AUTHOR_ID) values ('B0107',29);
Insert into BOOK_AUTHOR (BOOK_ID,AUTHOR_ID) values ('B0107',314);
Insert into BOOK_AUTHOR (BOOK_ID,AUTHOR_ID) values ('B0108',314);
Insert into BOOK_AUTHOR (BOOK_ID,AUTHOR_ID) values ('B0109',30);
Insert into BOOK_AUTHOR (BOOK_ID,AUTHOR_ID) values ('B0109',122);
Insert into BOOK_AUTHOR (BOOK_ID,AUTHOR_ID) values ('B0109',215);
Insert into BOOK_AUTHOR (BOOK_ID,AUTHOR_ID) values ('B0110',160);
Insert into BOOK_AUTHOR (BOOK_ID,AUTHOR_ID) values ('B0111',43);
Insert into BOOK_AUTHOR (BOOK_ID,AUTHOR_ID) values ('B0111',191);
Insert into BOOK_AUTHOR (BOOK_ID,AUTHOR_ID) values ('B0111',305);
Insert into BOOK_AUTHOR (BOOK_ID,AUTHOR_ID) values ('B0112',35);
Insert into BOOK_AUTHOR (BOOK_ID,AUTHOR_ID) values ('B0112',76);
Insert into BOOK_AUTHOR (BOOK_ID,AUTHOR_ID) values ('B0112',172);
Insert into BOOK_AUTHOR (BOOK_ID,AUTHOR_ID) values ('B0113',290);
Insert into BOOK_AUTHOR (BOOK_ID,AUTHOR_ID) values ('B0114',92);
Insert into BOOK_AUTHOR (BOOK_ID,AUTHOR_ID) values ('B0114',212);
Insert into BOOK_AUTHOR (BOOK_ID,AUTHOR_ID) values ('B0114',251);
Insert into BOOK_AUTHOR (BOOK_ID,AUTHOR_ID) values ('B0114',324);
Insert into BOOK_AUTHOR (BOOK_ID,AUTHOR_ID) values ('B0115',262);
Insert into BOOK_AUTHOR (BOOK_ID,AUTHOR_ID) values ('B0116',67);
Insert into BOOK_AUTHOR (BOOK_ID,AUTHOR_ID) values ('B0117',117);
Insert into BOOK_AUTHOR (BOOK_ID,AUTHOR_ID) values ('B0118',109);
Insert into BOOK_AUTHOR (BOOK_ID,AUTHOR_ID) values ('B0119',322);
Insert into BOOK_AUTHOR (BOOK_ID,AUTHOR_ID) values ('B0120',60);
Insert into BOOK_AUTHOR (BOOK_ID,AUTHOR_ID) values ('B0121',9);
Insert into BOOK_AUTHOR (BOOK_ID,AUTHOR_ID) values ('B0121',20);
Insert into BOOK_AUTHOR (BOOK_ID,AUTHOR_ID) values ('B0121',115);
Insert into BOOK_AUTHOR (BOOK_ID,AUTHOR_ID) values ('B0121',312);
Insert into BOOK_AUTHOR (BOOK_ID,AUTHOR_ID) values ('B0122',7);
Insert into BOOK_AUTHOR (BOOK_ID,AUTHOR_ID) values ('B0122',146);
Insert into BOOK_AUTHOR (BOOK_ID,AUTHOR_ID) values ('B0122',166);
Insert into BOOK_AUTHOR (BOOK_ID,AUTHOR_ID) values ('B0123',44);
Insert into BOOK_AUTHOR (BOOK_ID,AUTHOR_ID) values ('B0123',57);
Insert into BOOK_AUTHOR (BOOK_ID,AUTHOR_ID) values ('B0124',187);
Insert into BOOK_AUTHOR (BOOK_ID,AUTHOR_ID) values ('B0124',246);
Insert into BOOK_AUTHOR (BOOK_ID,AUTHOR_ID) values ('B0125',321);
Insert into BOOK_AUTHOR (BOOK_ID,AUTHOR_ID) values ('B0126',14);
Insert into BOOK_AUTHOR (BOOK_ID,AUTHOR_ID) values ('B0126',206);
Insert into BOOK_AUTHOR (BOOK_ID,AUTHOR_ID) values ('B0127',6);
Insert into BOOK_AUTHOR (BOOK_ID,AUTHOR_ID) values ('B0127',136);
Insert into BOOK_AUTHOR (BOOK_ID,AUTHOR_ID) values ('B0127',142);
Insert into BOOK_AUTHOR (BOOK_ID,AUTHOR_ID) values ('B0127',184);
Insert into BOOK_AUTHOR (BOOK_ID,AUTHOR_ID) values ('B0127',242);
Insert into BOOK_AUTHOR (BOOK_ID,AUTHOR_ID) values ('B0128',82);
Insert into BOOK_AUTHOR (BOOK_ID,AUTHOR_ID) values ('B0128',116);
Insert into BOOK_AUTHOR (BOOK_ID,AUTHOR_ID) values ('B0129',107);
Insert into BOOK_AUTHOR (BOOK_ID,AUTHOR_ID) values ('B0129',281);
Insert into BOOK_AUTHOR (BOOK_ID,AUTHOR_ID) values ('B0130',18);
Insert into BOOK_AUTHOR (BOOK_ID,AUTHOR_ID) values ('B0130',170);
Insert into BOOK_AUTHOR (BOOK_ID,AUTHOR_ID) values ('B0131',234);
Insert into BOOK_AUTHOR (BOOK_ID,AUTHOR_ID) values ('B0132',45);
Insert into BOOK_AUTHOR (BOOK_ID,AUTHOR_ID) values ('B0132',196);
Insert into BOOK_AUTHOR (BOOK_ID,AUTHOR_ID) values ('B0133',55);
Insert into BOOK_AUTHOR (BOOK_ID,AUTHOR_ID) values ('B0134',192);
Insert into BOOK_AUTHOR (BOOK_ID,AUTHOR_ID) values ('B0134',232);
Insert into BOOK_AUTHOR (BOOK_ID,AUTHOR_ID) values ('B0134',256);
Insert into BOOK_AUTHOR (BOOK_ID,AUTHOR_ID) values ('B0135',225);
Insert into BOOK_AUTHOR (BOOK_ID,AUTHOR_ID) values ('B0136',225);
Insert into BOOK_AUTHOR (BOOK_ID,AUTHOR_ID) values ('B0137',288);
Insert into BOOK_AUTHOR (BOOK_ID,AUTHOR_ID) values ('B0137',291);
Insert into BOOK_AUTHOR (BOOK_ID,AUTHOR_ID) values ('B0138',3);
Insert into BOOK_AUTHOR (BOOK_ID,AUTHOR_ID) values ('B0139',176);
Insert into BOOK_AUTHOR (BOOK_ID,AUTHOR_ID) values ('B0140',322);
Insert into BOOK_AUTHOR (BOOK_ID,AUTHOR_ID) values ('B0141',104);
Insert into BOOK_AUTHOR (BOOK_ID,AUTHOR_ID) values ('B0141',144);
Insert into BOOK_AUTHOR (BOOK_ID,AUTHOR_ID) values ('B0141',219);
Insert into BOOK_AUTHOR (BOOK_ID,AUTHOR_ID) values ('B0142',68);
Insert into BOOK_AUTHOR (BOOK_ID,AUTHOR_ID) values ('B0142',89);
Insert into BOOK_AUTHOR (BOOK_ID,AUTHOR_ID) values ('B0143',89);
Insert into BOOK_AUTHOR (BOOK_ID,AUTHOR_ID) values ('B0144',173);
Insert into BOOK_AUTHOR (BOOK_ID,AUTHOR_ID) values ('B0145',288);
Insert into BOOK_AUTHOR (BOOK_ID,AUTHOR_ID) values ('B0145',291);
Insert into BOOK_AUTHOR (BOOK_ID,AUTHOR_ID) values ('B0146',289);
Insert into BOOK_AUTHOR (BOOK_ID,AUTHOR_ID) values ('B0147',151);
Insert into BOOK_AUTHOR (BOOK_ID,AUTHOR_ID) values ('B0147',162);
Insert into BOOK_AUTHOR (BOOK_ID,AUTHOR_ID) values ('B0147',226);
Insert into BOOK_AUTHOR (BOOK_ID,AUTHOR_ID) values ('B0148',54);
Insert into BOOK_AUTHOR (BOOK_ID,AUTHOR_ID) values ('B0149',293);
Insert into BOOK_AUTHOR (BOOK_ID,AUTHOR_ID) values ('B0150',228);
Insert into BOOK_AUTHOR (BOOK_ID,AUTHOR_ID) values ('B0150',236);
Insert into BOOK_AUTHOR (BOOK_ID,AUTHOR_ID) values ('B0150',249);
Insert into BOOK_AUTHOR (BOOK_ID,AUTHOR_ID) values ('B0151',189);
Insert into BOOK_AUTHOR (BOOK_ID,AUTHOR_ID) values ('B0151',208);
Insert into BOOK_AUTHOR (BOOK_ID,AUTHOR_ID) values ('B0152',30);
Insert into BOOK_AUTHOR (BOOK_ID,AUTHOR_ID) values ('B0152',122);
Insert into BOOK_AUTHOR (BOOK_ID,AUTHOR_ID) values ('B0152',217);
Insert into BOOK_AUTHOR (BOOK_ID,AUTHOR_ID) values ('B0153',296);
Insert into BOOK_AUTHOR (BOOK_ID,AUTHOR_ID) values ('B0154',158);
Insert into BOOK_AUTHOR (BOOK_ID,AUTHOR_ID) values ('B0155',61);
Insert into BOOK_AUTHOR (BOOK_ID,AUTHOR_ID) values ('B0156',293);
Insert into BOOK_AUTHOR (BOOK_ID,AUTHOR_ID) values ('B0157',159);
Insert into BOOK_AUTHOR (BOOK_ID,AUTHOR_ID) values ('B0158',290);
Insert into BOOK_AUTHOR (BOOK_ID,AUTHOR_ID) values ('B0159',110);
Insert into BOOK_AUTHOR (BOOK_ID,AUTHOR_ID) values ('B0159',302);
Insert into BOOK_AUTHOR (BOOK_ID,AUTHOR_ID) values ('B0160',147);
Insert into BOOK_AUTHOR (BOOK_ID,AUTHOR_ID) values ('B0161',244);
Insert into BOOK_AUTHOR (BOOK_ID,AUTHOR_ID) values ('B0161',257);
Insert into BOOK_AUTHOR (BOOK_ID,AUTHOR_ID) values ('B0162',169);
Insert into BOOK_AUTHOR (BOOK_ID,AUTHOR_ID) values ('B0162',174);
Insert into BOOK_AUTHOR (BOOK_ID,AUTHOR_ID) values ('B0162',267);
Insert into BOOK_AUTHOR (BOOK_ID,AUTHOR_ID) values ('B0162',283);
Insert into BOOK_AUTHOR (BOOK_ID,AUTHOR_ID) values ('B0162',313);
Insert into BOOK_AUTHOR (BOOK_ID,AUTHOR_ID) values ('B0163',237);
Insert into BOOK_AUTHOR (BOOK_ID,AUTHOR_ID) values ('B0164',83);
Insert into BOOK_AUTHOR (BOOK_ID,AUTHOR_ID) values ('B0164',86);
Insert into BOOK_AUTHOR (BOOK_ID,AUTHOR_ID) values ('B0165',155);
Insert into BOOK_AUTHOR (BOOK_ID,AUTHOR_ID) values ('B0166',96);
Insert into BOOK_AUTHOR (BOOK_ID,AUTHOR_ID) values ('B0166',272);
Insert into BOOK_AUTHOR (BOOK_ID,AUTHOR_ID) values ('B0166',273);
Insert into BOOK_AUTHOR (BOOK_ID,AUTHOR_ID) values ('B0167',2);
Insert into BOOK_AUTHOR (BOOK_ID,AUTHOR_ID) values ('B0167',223);
Insert into BOOK_AUTHOR (BOOK_ID,AUTHOR_ID) values ('B0167',328);
Insert into BOOK_AUTHOR (BOOK_ID,AUTHOR_ID) values ('B0168',124);
Insert into BOOK_AUTHOR (BOOK_ID,AUTHOR_ID) values ('B0168',133);
Insert into BOOK_AUTHOR (BOOK_ID,AUTHOR_ID) values ('B0168',198);
Insert into BOOK_AUTHOR (BOOK_ID,AUTHOR_ID) values ('B0168',231);
Insert into BOOK_AUTHOR (BOOK_ID,AUTHOR_ID) values ('B0169',36);
Insert into BOOK_AUTHOR (BOOK_ID,AUTHOR_ID) values ('B0169',194);
Insert into BOOK_AUTHOR (BOOK_ID,AUTHOR_ID) values ('B0170',95);
Insert into BOOK_AUTHOR (BOOK_ID,AUTHOR_ID) values ('B0171',27);
Insert into BOOK_AUTHOR (BOOK_ID,AUTHOR_ID) values ('B0171',253);
Insert into BOOK_AUTHOR (BOOK_ID,AUTHOR_ID) values ('B0172',4);
Insert into BOOK_AUTHOR (BOOK_ID,AUTHOR_ID) values ('B0172',279);
Insert into BOOK_AUTHOR (BOOK_ID,AUTHOR_ID) values ('B0173',181);
Insert into BOOK_AUTHOR (BOOK_ID,AUTHOR_ID) values ('B0174',260);
Insert into BOOK_AUTHOR (BOOK_ID,AUTHOR_ID) values ('B0174',284);
Insert into BOOK_AUTHOR (BOOK_ID,AUTHOR_ID) values ('B0175',320);
Insert into BOOK_AUTHOR (BOOK_ID,AUTHOR_ID) values ('B0176',245);
Insert into BOOK_AUTHOR (BOOK_ID,AUTHOR_ID) values ('B0177',132);
Insert into BOOK_AUTHOR (BOOK_ID,AUTHOR_ID) values ('B0178',319);
Insert into BOOK_AUTHOR (BOOK_ID,AUTHOR_ID) values ('B0179',71);
Insert into BOOK_AUTHOR (BOOK_ID,AUTHOR_ID) values ('B0180',322);
Insert into BOOK_AUTHOR (BOOK_ID,AUTHOR_ID) values ('B0181',90);
Insert into BOOK_AUTHOR (BOOK_ID,AUTHOR_ID) values ('B0182',138);
Insert into BOOK_AUTHOR (BOOK_ID,AUTHOR_ID) values ('B0182',148);
Insert into BOOK_AUTHOR (BOOK_ID,AUTHOR_ID) values ('B0182',322);
Insert into BOOK_AUTHOR (BOOK_ID,AUTHOR_ID) values ('B0183',79);
Insert into BOOK_AUTHOR (BOOK_ID,AUTHOR_ID) values ('B0183',145);
Insert into BOOK_AUTHOR (BOOK_ID,AUTHOR_ID) values ('B0183',183);
Insert into BOOK_AUTHOR (BOOK_ID,AUTHOR_ID) values ('B0183',220);
Insert into BOOK_AUTHOR (BOOK_ID,AUTHOR_ID) values ('B0183',276);
Insert into BOOK_AUTHOR (BOOK_ID,AUTHOR_ID) values ('B0184',322);
Insert into BOOK_AUTHOR (BOOK_ID,AUTHOR_ID) values ('B0185',118);
Insert into BOOK_AUTHOR (BOOK_ID,AUTHOR_ID) values ('B0185',120);
Insert into BOOK_AUTHOR (BOOK_ID,AUTHOR_ID) values ('B0185',222);
Insert into BOOK_AUTHOR (BOOK_ID,AUTHOR_ID) values ('B0185',307);
Insert into BOOK_AUTHOR (BOOK_ID,AUTHOR_ID) values ('B0186',28);
Insert into BOOK_AUTHOR (BOOK_ID,AUTHOR_ID) values ('B0186',42);
Insert into BOOK_AUTHOR (BOOK_ID,AUTHOR_ID) values ('B0186',178);
Insert into BOOK_AUTHOR (BOOK_ID,AUTHOR_ID) values ('B0187',28);
Insert into BOOK_AUTHOR (BOOK_ID,AUTHOR_ID) values ('B0187',93);
Insert into BOOK_AUTHOR (BOOK_ID,AUTHOR_ID) values ('B0187',99);
Insert into BOOK_AUTHOR (BOOK_ID,AUTHOR_ID) values ('B0187',178);
Insert into BOOK_AUTHOR (BOOK_ID,AUTHOR_ID) values ('B0188',80);
Insert into BOOK_AUTHOR (BOOK_ID,AUTHOR_ID) values ('B0188',239);
Insert into BOOK_AUTHOR (BOOK_ID,AUTHOR_ID) values ('B0189',123);
Insert into BOOK_AUTHOR (BOOK_ID,AUTHOR_ID) values ('B0189',168);
Insert into BOOK_AUTHOR (BOOK_ID,AUTHOR_ID) values ('B0189',315);
Insert into BOOK_AUTHOR (BOOK_ID,AUTHOR_ID) values ('B0190',15);
Insert into BOOK_AUTHOR (BOOK_ID,AUTHOR_ID) values ('B0190',150);
Insert into BOOK_AUTHOR (BOOK_ID,AUTHOR_ID) values ('B0191',28);
Insert into BOOK_AUTHOR (BOOK_ID,AUTHOR_ID) values ('B0191',178);
Insert into BOOK_AUTHOR (BOOK_ID,AUTHOR_ID) values ('B0192',199);
Insert into BOOK_AUTHOR (BOOK_ID,AUTHOR_ID) values ('B0193',108);
Insert into BOOK_AUTHOR (BOOK_ID,AUTHOR_ID) values ('B0193',125);
Insert into BOOK_AUTHOR (BOOK_ID,AUTHOR_ID) values ('B0193',216);
Insert into BOOK_AUTHOR (BOOK_ID,AUTHOR_ID) values ('B0193',235);
Insert into BOOK_AUTHOR (BOOK_ID,AUTHOR_ID) values ('B0193',252);
Insert into BOOK_AUTHOR (BOOK_ID,AUTHOR_ID) values ('B0194',50);
Insert into BOOK_AUTHOR (BOOK_ID,AUTHOR_ID) values ('B0194',112);
Insert into BOOK_AUTHOR (BOOK_ID,AUTHOR_ID) values ('B0195',31);
Insert into BOOK_AUTHOR (BOOK_ID,AUTHOR_ID) values ('B0195',200);
Insert into BOOK_AUTHOR (BOOK_ID,AUTHOR_ID) values ('B0195',311);
Insert into BOOK_AUTHOR (BOOK_ID,AUTHOR_ID) values ('B0196',301);
Insert into BOOK_AUTHOR (BOOK_ID,AUTHOR_ID) values ('B0197',119);
Insert into BOOK_AUTHOR (BOOK_ID,AUTHOR_ID) values ('B0197',301);
Insert into BOOK_AUTHOR (BOOK_ID,AUTHOR_ID) values ('B0198',131);
Insert into BOOK_AUTHOR (BOOK_ID,AUTHOR_ID) values ('B0198',264);
Insert into BOOK_AUTHOR (BOOK_ID,AUTHOR_ID) values ('B0199',10);
Insert into BOOK_AUTHOR (BOOK_ID,AUTHOR_ID) values ('B0199',19);
Insert into BOOK_AUTHOR (BOOK_ID,AUTHOR_ID) values ('B0199',47);
Insert into BOOK_AUTHOR (BOOK_ID,AUTHOR_ID) values ('B0199',75);
Insert into BOOK_AUTHOR (BOOK_ID,AUTHOR_ID) values ('B0199',129);
Insert into BOOK_AUTHOR (BOOK_ID,AUTHOR_ID) values ('B0199',139);
Insert into BOOK_AUTHOR (BOOK_ID,AUTHOR_ID) values ('B0199',243);
Insert into BOOK_AUTHOR (BOOK_ID,AUTHOR_ID) values ('B0199',301);
Insert into BOOK_AUTHOR (BOOK_ID,AUTHOR_ID) values ('B0199',309);
Insert into BOOK_AUTHOR (BOOK_ID,AUTHOR_ID) values ('B0200',301);
Insert into BOOK_AUTHOR (BOOK_ID,AUTHOR_ID) values ('B0201',128);
Insert into BOOK_AUTHOR (BOOK_ID,AUTHOR_ID) values ('B0202',91);
Insert into BOOK_AUTHOR (BOOK_ID,AUTHOR_ID) values ('B0203',102);
Insert into BOOK_AUTHOR (BOOK_ID,AUTHOR_ID) values ('B0203',121);
Insert into BOOK_AUTHOR (BOOK_ID,AUTHOR_ID) values ('B0204',101);
Insert into BOOK_AUTHOR (BOOK_ID,AUTHOR_ID) values ('B0204',238);
Insert into BOOK_AUTHOR (BOOK_ID,AUTHOR_ID) values ('B0205',11);
Insert into BOOK_AUTHOR (BOOK_ID,AUTHOR_ID) values ('B0205',157);
Insert into BOOK_AUTHOR (BOOK_ID,AUTHOR_ID) values ('B0206',15);
Insert into BOOK_AUTHOR (BOOK_ID,AUTHOR_ID) values ('B0206',150);
Insert into BOOK_AUTHOR (BOOK_ID,AUTHOR_ID) values ('B0207',64);
Insert into BOOK_AUTHOR (BOOK_ID,AUTHOR_ID) values ('B0207',65);
Insert into BOOK_AUTHOR (BOOK_ID,AUTHOR_ID) values ('B0207',153);
Insert into BOOK_AUTHOR (BOOK_ID,AUTHOR_ID) values ('B0208',17);
Insert into BOOK_AUTHOR (BOOK_ID,AUTHOR_ID) values ('B0209',38);
Insert into BOOK_AUTHOR (BOOK_ID,AUTHOR_ID) values ('B0209',64);
Insert into BOOK_AUTHOR (BOOK_ID,AUTHOR_ID) values ('B0209',153);
Insert into BOOK_AUTHOR (BOOK_ID,AUTHOR_ID) values ('B0210',292);
Insert into BOOK_AUTHOR (BOOK_ID,AUTHOR_ID) values ('B0211',317);
Insert into BOOK_AUTHOR (BOOK_ID,AUTHOR_ID) values ('B0212',278);
Insert into BOOK_AUTHOR (BOOK_ID,AUTHOR_ID) values ('B0213',287);
REM INSERTING into BOOK_CUSTOMER
Insert into BOOK_CUSTOMER (CUST_ID,CUST_FNAME,CUST_LNAME,CUST_EMAIL,CUST_REG_DATE,CUST_CITY,CUST_CATEGORY) values (52,'Vidya','Girish','vidyag@test.com',to_date('16-FEB-12','DD-MON-RR'),'Mangalore','M');
Insert into BOOK_CUSTOMER (CUST_ID,CUST_FNAME,CUST_LNAME,CUST_EMAIL,CUST_REG_DATE,CUST_CITY,CUST_CATEGORY) values (1021,'Sunita','Mehra','sunita@melior.co.in',null,'Bangalore',null);
Insert into BOOK_CUSTOMER (CUST_ID,CUST_FNAME,CUST_LNAME,CUST_EMAIL,CUST_REG_DATE,CUST_CITY,CUST_CATEGORY) values (1022,'Sunita','Mehta','sunitas@melior.co.in',null,'Bangalore',null);
Insert into BOOK_CUSTOMER (CUST_ID,CUST_FNAME,CUST_LNAME,CUST_EMAIL,CUST_REG_DATE,CUST_CITY,CUST_CATEGORY) values (51,'Girish','Aithal','gaithal@test.com',to_date('16-FEB-12','DD-MON-RR'),'Mangalore','H');
Insert into BOOK_CUSTOMER (CUST_ID,CUST_FNAME,CUST_LNAME,CUST_EMAIL,CUST_REG_DATE,CUST_CITY,CUST_CATEGORY) values (1001,'Prashanth','Malhotra','prash@melior.in     ',to_date('15-MAY-08','DD-MON-RR'),'Mangalore','H');
Insert into BOOK_CUSTOMER (CUST_ID,CUST_FNAME,CUST_LNAME,CUST_EMAIL,CUST_REG_DATE,CUST_CITY,CUST_CATEGORY) values (1002,'Neha','Chopra','neha@melior.in      ',to_date('15-JUL-08','DD-MON-RR'),'Dehradun','A');
Insert into BOOK_CUSTOMER (CUST_ID,CUST_FNAME,CUST_LNAME,CUST_EMAIL,CUST_REG_DATE,CUST_CITY,CUST_CATEGORY) values (1003,'Sushma','Gupta','sushma@melior.in    ',to_date('15-AUG-08','DD-MON-RR'),'Guwahati','A');
Insert into BOOK_CUSTOMER (CUST_ID,CUST_FNAME,CUST_LNAME,CUST_EMAIL,CUST_REG_DATE,CUST_CITY,CUST_CATEGORY) values (1004,'Rekha','Tiwari','abc@xyz.com',to_date('15-SEP-08','DD-MON-RR'),'Bangalore','A');
Insert into BOOK_CUSTOMER (CUST_ID,CUST_FNAME,CUST_LNAME,CUST_EMAIL,CUST_REG_DATE,CUST_CITY,CUST_CATEGORY) values (1005,'Ghouse','Khan','mg@melior.in        ',to_date('15-NOV-09','DD-MON-RR'),'Dandeli','E');
Insert into BOOK_CUSTOMER (CUST_ID,CUST_FNAME,CUST_LNAME,CUST_EMAIL,CUST_REG_DATE,CUST_CITY,CUST_CATEGORY) values (1006,'Chari','Tiwari','chari@melior.in     ',to_date('15-DEC-09','DD-MON-RR'),'Bangalore','I');
Insert into BOOK_CUSTOMER (CUST_ID,CUST_FNAME,CUST_LNAME,CUST_EMAIL,CUST_REG_DATE,CUST_CITY,CUST_CATEGORY) values (1007,'Girish','Shah','girish@melior.in    ',to_date('19-DEC-09','DD-MON-RR'),'Chandigarh','H');
Insert into BOOK_CUSTOMER (CUST_ID,CUST_FNAME,CUST_LNAME,CUST_EMAIL,CUST_REG_DATE,CUST_CITY,CUST_CATEGORY) values (1008,'Souvik','Sinha','souvik@melior.in    ',to_date('25-DEC-09','DD-MON-RR'),'Kolkata','K');
Insert into BOOK_CUSTOMER (CUST_ID,CUST_FNAME,CUST_LNAME,CUST_EMAIL,CUST_REG_DATE,CUST_CITY,CUST_CATEGORY) values (1009,'Mahesh','Arora','mahesh@melior.in    ',to_date('01-JAN-10','DD-MON-RR'),'Bangalore','H');
Insert into BOOK_CUSTOMER (CUST_ID,CUST_FNAME,CUST_LNAME,CUST_EMAIL,CUST_REG_DATE,CUST_CITY,CUST_CATEGORY) values (1010,'Peter','John','peter@siemens.in',to_date('02-FEB-10','DD-MON-RR'),'Mysore','H');
Insert into BOOK_CUSTOMER (CUST_ID,CUST_FNAME,CUST_LNAME,CUST_EMAIL,CUST_REG_DATE,CUST_CITY,CUST_CATEGORY) values (1011,'Prajwal ','Uthappa','prajwal@weizmann.in',to_date('04-APR-10','DD-MON-RR'),'Hosur','I');
Insert into BOOK_CUSTOMER (CUST_ID,CUST_FNAME,CUST_LNAME,CUST_EMAIL,CUST_REG_DATE,CUST_CITY,CUST_CATEGORY) values (1012,'Manish','Mehta','manish@afl.in',to_date('16-AUG-10','DD-MON-RR'),'Bangalore','E');
Insert into BOOK_CUSTOMER (CUST_ID,CUST_FNAME,CUST_LNAME,CUST_EMAIL,CUST_REG_DATE,CUST_CITY,CUST_CATEGORY) values (1013,'Subhash','Bharti','subhash@elite.in',to_date('05-SEP-10','DD-MON-RR'),'Tumkur','H');
Insert into BOOK_CUSTOMER (CUST_ID,CUST_FNAME,CUST_LNAME,CUST_EMAIL,CUST_REG_DATE,CUST_CITY,CUST_CATEGORY) values (1014,'Devika','Satish','devika@global.in',to_date('02-NOV-10','DD-MON-RR'),'Mysore','K');
Insert into BOOK_CUSTOMER (CUST_ID,CUST_FNAME,CUST_LNAME,CUST_EMAIL,CUST_REG_DATE,CUST_CITY,CUST_CATEGORY) values (1015,'Suman','Chakraborty','suman.c@beehive.in',to_date('18-DEC-10','DD-MON-RR'),'Dandeli','K');
Insert into BOOK_CUSTOMER (CUST_ID,CUST_FNAME,CUST_LNAME,CUST_EMAIL,CUST_REG_DATE,CUST_CITY,CUST_CATEGORY) values (1016,'Abdul','Latif','alatif@sncom.co.in',to_date('02-JAN-11','DD-MON-RR'),'Allahabad','A');
Insert into BOOK_CUSTOMER (CUST_ID,CUST_FNAME,CUST_LNAME,CUST_EMAIL,CUST_REG_DATE,CUST_CITY,CUST_CATEGORY) values (1017,'Sumit','Sachan','sumitsa@maxim.in',to_date('12-FEB-11','DD-MON-RR'),'Hyderabad','A');
Insert into BOOK_CUSTOMER (CUST_ID,CUST_FNAME,CUST_LNAME,CUST_EMAIL,CUST_REG_DATE,CUST_CITY,CUST_CATEGORY) values (1018,'Suresh','Babu','suresh@rgv.in',to_date('20-MAY-11','DD-MON-RR'),'Mumbai','E');
Insert into BOOK_CUSTOMER (CUST_ID,CUST_FNAME,CUST_LNAME,CUST_EMAIL,CUST_REG_DATE,CUST_CITY,CUST_CATEGORY) values (1019,'Vikas','Jha','vikasj@excel.in',to_date('24-JUN-11','DD-MON-RR'),'Delhi','I');
Insert into BOOK_CUSTOMER (CUST_ID,CUST_FNAME,CUST_LNAME,CUST_EMAIL,CUST_REG_DATE,CUST_CITY,CUST_CATEGORY) values (1020,'Jaswinder','Singh','jsing@alpha.com',to_date('01-JUL-11','DD-MON-RR'),'Delhi','H');
REM INSERTING into PUBLISHER
Insert into PUBLISHER (PUBL_ID,PUBL_NAME) values (1,'Addions Wesley Limited');
Insert into PUBLISHER (PUBL_ID,PUBL_NAME) values (2,'Bantam Dell');
Insert into PUBLISHER (PUBL_ID,PUBL_NAME) values (3,'BPB Publications');
Insert into PUBLISHER (PUBL_ID,PUBL_NAME) values (4,'Collins Business Essentials');
Insert into PUBLISHER (PUBL_ID,PUBL_NAME) values (5,'Comdex Computer Publishing');
Insert into PUBLISHER (PUBL_ID,PUBL_NAME) values (6,'Cengage Learning');
Insert into PUBLISHER (PUBL_ID,PUBL_NAME) values (7,'Dreamtech Press');
Insert into PUBLISHER (PUBL_ID,PUBL_NAME) values (8,'IRM Press');
Insert into PUBLISHER (PUBL_ID,PUBL_NAME) values (9,'Morgan Kaufmann Publishers');
Insert into PUBLISHER (PUBL_ID,PUBL_NAME) values (10,'Penguin Books');
Insert into PUBLISHER (PUBL_ID,PUBL_NAME) values (11,'Pearson Education');
Insert into PUBLISHER (PUBL_ID,PUBL_NAME) values (12,'Prentice Hall PTR');
Insert into PUBLISHER (PUBL_ID,PUBL_NAME) values (13,'Prentice Hall of India');
Insert into PUBLISHER (PUBL_ID,PUBL_NAME) values (14,'Shroff Publishers & Distributors');
Insert into PUBLISHER (PUBL_ID,PUBL_NAME) values (15,'Tata McGraw-Hill');
Insert into PUBLISHER (PUBL_ID,PUBL_NAME) values (16,'Universities Press');
Insert into PUBLISHER (PUBL_ID,PUBL_NAME) values (17,'WoodPecker Publishers and Distibutors');
Insert into PUBLISHER (PUBL_ID,PUBL_NAME) values (18,'Wiley India');
Insert into PUBLISHER (PUBL_ID,PUBL_NAME) values (19,'SAMS Publishing');
Insert into PUBLISHER (PUBL_ID,PUBL_NAME) values (20,'Mike Murach and Associates');
Insert into PUBLISHER (PUBL_ID,PUBL_NAME) values (21,'Apress');
Insert into PUBLISHER (PUBL_ID,PUBL_NAME) values (22,'Elseiver Ltd');
Insert into PUBLISHER (PUBL_ID,PUBL_NAME) values (23,'Mc Graw-Hill');
Insert into PUBLISHER (PUBL_ID,PUBL_NAME) values (24,'Chandos Publishing');
Insert into PUBLISHER (PUBL_ID,PUBL_NAME) values (25,'Bantam Books');
Insert into PUBLISHER (PUBL_ID,PUBL_NAME) values (26,'Basic Books');
Insert into PUBLISHER (PUBL_ID,PUBL_NAME) values (27,'ABACUS');
INSERT INTO PUBLISHER (PUBL_ID, PUBL_NAME) VALUES (28,'Jaico');
INSERT INTO PUBLISHER (PUBL_ID, PUBL_NAME) VALUES (42,'O reilly');
INSERT INTO PUBLISHER (PUBL_ID, PUBL_NAME) VALUES (43,'Bloomsberry');
INSERT INTO PUBLISHER (PUBL_ID, PUBL_NAME) VALUES (44,'New Publisher');

REM INSERTING into BOOK_SHIPMENT
Insert into BOOK_SHIPMENT (SALES_ID,SHIPPING_CITY,SHIPMENT_DATE,SHIPMENT_ID) values (10001,'Mangalore',to_date('01-JAN-10','DD-MON-RR'),101);
Insert into BOOK_SHIPMENT (SALES_ID,SHIPPING_CITY,SHIPMENT_DATE,SHIPMENT_ID) values (10007,'Guwahati',to_date('29-MAY-10','DD-MON-RR'),102);
Insert into BOOK_SHIPMENT (SALES_ID,SHIPPING_CITY,SHIPMENT_DATE,SHIPMENT_ID) values (10002,'Mangalore',to_date('15-JAN-10','DD-MON-RR'),103);
Insert into BOOK_SHIPMENT (SALES_ID,SHIPPING_CITY,SHIPMENT_DATE,SHIPMENT_ID) values (10009,'Bangalore',to_date('01-JUN-10','DD-MON-RR'),104);
Insert into BOOK_SHIPMENT (SALES_ID,SHIPPING_CITY,SHIPMENT_DATE,SHIPMENT_ID) values (10003,'Dehradun',to_date('17-FEB-10','DD-MON-RR'),105);
Insert into BOOK_SHIPMENT (SALES_ID,SHIPPING_CITY,SHIPMENT_DATE,SHIPMENT_ID) values (10004,'Guwahati',to_date('27-FEB-10','DD-MON-RR'),106);
Insert into BOOK_SHIPMENT (SALES_ID,SHIPPING_CITY,SHIPMENT_DATE,SHIPMENT_ID) values (10005,'Bangalore',to_date('02-MAR-10','DD-MON-RR'),107);
Insert into BOOK_SHIPMENT (SALES_ID,SHIPPING_CITY,SHIPMENT_DATE,SHIPMENT_ID) values (10008,'Guwahati',to_date('02-JUN-10','DD-MON-RR'),108);
Insert into BOOK_SHIPMENT (SALES_ID,SHIPPING_CITY,SHIPMENT_DATE,SHIPMENT_ID) values (10010,'Dandeli',to_date('12-JUN-10','DD-MON-RR'),109);
Insert into BOOK_SHIPMENT (SALES_ID,SHIPPING_CITY,SHIPMENT_DATE,SHIPMENT_ID) values (10011,'Chandigarh',to_date('30-JUN-10','DD-MON-RR'),110);
Insert into BOOK_SHIPMENT (SALES_ID,SHIPPING_CITY,SHIPMENT_DATE,SHIPMENT_ID) values (10012,'Chennai',to_date('04-JUL-10','DD-MON-RR'),111);
Insert into BOOK_SHIPMENT (SALES_ID,SHIPPING_CITY,SHIPMENT_DATE,SHIPMENT_ID) values (10013,'Dehradun',to_date('03-AUG-10','DD-MON-RR'),112);
Insert into BOOK_SHIPMENT (SALES_ID,SHIPPING_CITY,SHIPMENT_DATE,SHIPMENT_ID) values (10017,'Dandeli',to_date('10-JAN-11','DD-MON-RR'),113);
Insert into BOOK_SHIPMENT (SALES_ID,SHIPPING_CITY,SHIPMENT_DATE,SHIPMENT_ID) values (10018,'Bangalore',to_date('11-FEB-11','DD-MON-RR'),114);
Insert into BOOK_SHIPMENT (SALES_ID,SHIPPING_CITY,SHIPMENT_DATE,SHIPMENT_ID) values (10019,'Mangalore',to_date('12-MAR-11','DD-MON-RR'),115);
Insert into BOOK_SHIPMENT (SALES_ID,SHIPPING_CITY,SHIPMENT_DATE,SHIPMENT_ID) values (10020,'Dandeli',to_date('19-APR-11','DD-MON-RR'),116);
Insert into BOOK_SHIPMENT (SALES_ID,SHIPPING_CITY,SHIPMENT_DATE,SHIPMENT_ID) values (10021,'Tumkur',to_date('25-MAY-11','DD-MON-RR'),117);
Insert into BOOK_SHIPMENT (SALES_ID,SHIPPING_CITY,SHIPMENT_DATE,SHIPMENT_ID) values (10022,'Bangalore',to_date('01-JUN-11','DD-MON-RR'),118);
Insert into BOOK_SHIPMENT (SALES_ID,SHIPPING_CITY,SHIPMENT_DATE,SHIPMENT_ID) values (10026,'Mangalore',to_date('05-DEC-10','DD-MON-RR'),119);
Insert into BOOK_SHIPMENT (SALES_ID,SHIPPING_CITY,SHIPMENT_DATE,SHIPMENT_ID) values (10027,'Dandeli',to_date('08-JAN-11','DD-MON-RR'),120);
Insert into BOOK_SHIPMENT (SALES_ID,SHIPPING_CITY,SHIPMENT_DATE,SHIPMENT_ID) values (10028,'Bangalore',to_date('31-JAN-11','DD-MON-RR'),121);
Insert into BOOK_SHIPMENT (SALES_ID,SHIPPING_CITY,SHIPMENT_DATE,SHIPMENT_ID) values (10029,'Kolkata',to_date('06-DEC-10','DD-MON-RR'),122);
Insert into BOOK_SHIPMENT (SALES_ID,SHIPPING_CITY,SHIPMENT_DATE,SHIPMENT_ID) values (10030,'Dandeli',to_date('14-JAN-11','DD-MON-RR'),123);
Insert into BOOK_SHIPMENT (SALES_ID,SHIPPING_CITY,SHIPMENT_DATE,SHIPMENT_ID) values (10031,'Guwahati',to_date('27-JAN-11','DD-MON-RR'),124);
Insert into BOOK_SHIPMENT (SALES_ID,SHIPPING_CITY,SHIPMENT_DATE,SHIPMENT_ID) values (10032,'Dehradun',to_date('25-FEB-11','DD-MON-RR'),125);
Insert into BOOK_SHIPMENT (SALES_ID,SHIPPING_CITY,SHIPMENT_DATE,SHIPMENT_ID) values (10033,'Hyderabad',to_date('09-JAN-11','DD-MON-RR'),126);
Insert into BOOK_SHIPMENT (SALES_ID,SHIPPING_CITY,SHIPMENT_DATE,SHIPMENT_ID) values (10036,'Hosur',to_date('18-JAN-11','DD-MON-RR'),127);
Insert into BOOK_SHIPMENT (SALES_ID,SHIPPING_CITY,SHIPMENT_DATE,SHIPMENT_ID) values (10037,'Mangalore',to_date('31-DEC-10','DD-MON-RR'),128);
Insert into BOOK_SHIPMENT (SALES_ID,SHIPPING_CITY,SHIPMENT_DATE,SHIPMENT_ID) values (10038,'Bangalore',to_date('08-FEB-11','DD-MON-RR'),129);
Insert into BOOK_SHIPMENT (SALES_ID,SHIPPING_CITY,SHIPMENT_DATE,SHIPMENT_ID) values (10039,'Dehradun',to_date('25-JAN-11','DD-MON-RR'),130);
Insert into BOOK_SHIPMENT (SALES_ID,SHIPPING_CITY,SHIPMENT_DATE,SHIPMENT_ID) values (10040,'Hosur',to_date('30-DEC-10','DD-MON-RR'),131);
Insert into BOOK_SHIPMENT (SALES_ID,SHIPPING_CITY,SHIPMENT_DATE,SHIPMENT_ID) values (10041,'Hosur',to_date('22-DEC-10','DD-MON-RR'),132);
Insert into BOOK_SHIPMENT (SALES_ID,SHIPPING_CITY,SHIPMENT_DATE,SHIPMENT_ID) values (10042,'Bangalore',to_date('12-FEB-11','DD-MON-RR'),133);
Insert into BOOK_SHIPMENT (SALES_ID,SHIPPING_CITY,SHIPMENT_DATE,SHIPMENT_ID) values (10044,'Bangalore',to_date('18-JAN-11','DD-MON-RR'),134);
Insert into BOOK_SHIPMENT (SALES_ID,SHIPPING_CITY,SHIPMENT_DATE,SHIPMENT_ID) values (10045,'Dandeli',to_date('11-FEB-11','DD-MON-RR'),135);
Insert into BOOK_SHIPMENT (SALES_ID,SHIPPING_CITY,SHIPMENT_DATE,SHIPMENT_ID) values (10046,'Bangalore',to_date('14-DEC-10','DD-MON-RR'),136);
Insert into BOOK_SHIPMENT (SALES_ID,SHIPPING_CITY,SHIPMENT_DATE,SHIPMENT_ID) values (10047,'Guwahati',to_date('15-JAN-11','DD-MON-RR'),137);
Insert into BOOK_SHIPMENT (SALES_ID,SHIPPING_CITY,SHIPMENT_DATE,SHIPMENT_ID) values (10048,'Dandeli',to_date('19-JAN-11','DD-MON-RR'),138);
Insert into BOOK_SHIPMENT (SALES_ID,SHIPPING_CITY,SHIPMENT_DATE,SHIPMENT_ID) values (10049,'Dehradun',to_date('12-FEB-11','DD-MON-RR'),139);
Insert into BOOK_SHIPMENT (SALES_ID,SHIPPING_CITY,SHIPMENT_DATE,SHIPMENT_ID) values (10050,'Chandigarh',to_date('28-DEC-10','DD-MON-RR'),140);
Insert into BOOK_SHIPMENT (SALES_ID,SHIPPING_CITY,SHIPMENT_DATE,SHIPMENT_ID) values (10051,'Hosur',to_date('11-JAN-11','DD-MON-RR'),141);
Insert into BOOK_SHIPMENT (SALES_ID,SHIPPING_CITY,SHIPMENT_DATE,SHIPMENT_ID) values (10052,'Dehradun',to_date('16-DEC-10','DD-MON-RR'),142);
Insert into BOOK_SHIPMENT (SALES_ID,SHIPPING_CITY,SHIPMENT_DATE,SHIPMENT_ID) values (10055,'Chandigarh',to_date('29-DEC-10','DD-MON-RR'),143);
Insert into BOOK_SHIPMENT (SALES_ID,SHIPPING_CITY,SHIPMENT_DATE,SHIPMENT_ID) values (10056,'Allahabad',to_date('21-FEB-11','DD-MON-RR'),144);
Insert into BOOK_SHIPMENT (SALES_ID,SHIPPING_CITY,SHIPMENT_DATE,SHIPMENT_ID) values (10057,'Mysore',to_date('29-JAN-11','DD-MON-RR'),145);
Insert into BOOK_SHIPMENT (SALES_ID,SHIPPING_CITY,SHIPMENT_DATE,SHIPMENT_ID) values (10058,'Hosur',to_date('26-JAN-11','DD-MON-RR'),146);
Insert into BOOK_SHIPMENT (SALES_ID,SHIPPING_CITY,SHIPMENT_DATE,SHIPMENT_ID) values (10059,'Bangalore',to_date('23-FEB-11','DD-MON-RR'),147);
Insert into BOOK_SHIPMENT (SALES_ID,SHIPPING_CITY,SHIPMENT_DATE,SHIPMENT_ID) values (10060,'Hosur',to_date('23-FEB-11','DD-MON-RR'),148);
Insert into BOOK_SHIPMENT (SALES_ID,SHIPPING_CITY,SHIPMENT_DATE,SHIPMENT_ID) values (10061,'Tumkur',to_date('12-JAN-11','DD-MON-RR'),149);
Insert into BOOK_SHIPMENT (SALES_ID,SHIPPING_CITY,SHIPMENT_DATE,SHIPMENT_ID) values (10062,'Bangalore',to_date('08-MAR-11','DD-MON-RR'),150);
Insert into BOOK_SHIPMENT (SALES_ID,SHIPPING_CITY,SHIPMENT_DATE,SHIPMENT_ID) values (10063,'Kolkata',to_date('23-DEC-10','DD-MON-RR'),151);
Insert into BOOK_SHIPMENT (SALES_ID,SHIPPING_CITY,SHIPMENT_DATE,SHIPMENT_ID) values (10064,'Allahabad',to_date('14-FEB-11','DD-MON-RR'),152);
Insert into BOOK_SHIPMENT (SALES_ID,SHIPPING_CITY,SHIPMENT_DATE,SHIPMENT_ID) values (10065,'Dandeli',to_date('10-JAN-11','DD-MON-RR'),153);
Insert into BOOK_SHIPMENT (SALES_ID,SHIPPING_CITY,SHIPMENT_DATE,SHIPMENT_ID) values (10066,'Kolkata',to_date('25-DEC-10','DD-MON-RR'),154);
Insert into BOOK_SHIPMENT (SALES_ID,SHIPPING_CITY,SHIPMENT_DATE,SHIPMENT_ID) values (10067,'Delhi',to_date('28-JAN-11','DD-MON-RR'),155);
Insert into BOOK_SHIPMENT (SALES_ID,SHIPPING_CITY,SHIPMENT_DATE,SHIPMENT_ID) values (10068,'Allahabad',to_date('22-JAN-11','DD-MON-RR'),156);
Insert into BOOK_SHIPMENT (SALES_ID,SHIPPING_CITY,SHIPMENT_DATE,SHIPMENT_ID) values (10069,'Bangalore',to_date('06-JAN-11','DD-MON-RR'),157);
Insert into BOOK_SHIPMENT (SALES_ID,SHIPPING_CITY,SHIPMENT_DATE,SHIPMENT_ID) values (10074,'Tumkur',to_date('14-DEC-10','DD-MON-RR'),158);
Insert into BOOK_SHIPMENT (SALES_ID,SHIPPING_CITY,SHIPMENT_DATE,SHIPMENT_ID) values (10075,'Chandigarh',to_date('10-JAN-11','DD-MON-RR'),159);
Insert into BOOK_SHIPMENT (SALES_ID,SHIPPING_CITY,SHIPMENT_DATE,SHIPMENT_ID) values (10076,'Tumkur',to_date('20-FEB-11','DD-MON-RR'),160);
Insert into BOOK_SHIPMENT (SALES_ID,SHIPPING_CITY,SHIPMENT_DATE,SHIPMENT_ID) values (10077,'Tumkur',to_date('23-DEC-10','DD-MON-RR'),161);
Insert into BOOK_SHIPMENT (SALES_ID,SHIPPING_CITY,SHIPMENT_DATE,SHIPMENT_ID) values (10078,'Chennai',to_date('07-FEB-11','DD-MON-RR'),162);
Insert into BOOK_SHIPMENT (SALES_ID,SHIPPING_CITY,SHIPMENT_DATE,SHIPMENT_ID) values (10079,'Delhi',to_date('06-FEB-11','DD-MON-RR'),163);
Insert into BOOK_SHIPMENT (SALES_ID,SHIPPING_CITY,SHIPMENT_DATE,SHIPMENT_ID) values (10080,'Dehradun',to_date('23-JAN-11','DD-MON-RR'),164);
Insert into BOOK_SHIPMENT (SALES_ID,SHIPPING_CITY,SHIPMENT_DATE,SHIPMENT_ID) values (10081,'Tumkur',to_date('23-JAN-11','DD-MON-RR'),165);
Insert into BOOK_SHIPMENT (SALES_ID,SHIPPING_CITY,SHIPMENT_DATE,SHIPMENT_ID) values (10082,'Mangalore',to_date('07-DEC-10','DD-MON-RR'),166);
Insert into BOOK_SHIPMENT (SALES_ID,SHIPPING_CITY,SHIPMENT_DATE,SHIPMENT_ID) values (10083,'Chandigarh',to_date('03-MAR-11','DD-MON-RR'),167);
Insert into BOOK_SHIPMENT (SALES_ID,SHIPPING_CITY,SHIPMENT_DATE,SHIPMENT_ID) values (10084,'Bangalore',to_date('10-JAN-11','DD-MON-RR'),168);
Insert into BOOK_SHIPMENT (SALES_ID,SHIPPING_CITY,SHIPMENT_DATE,SHIPMENT_ID) values (10085,'Allahabad',to_date('31-DEC-10','DD-MON-RR'),169);
Insert into BOOK_SHIPMENT (SALES_ID,SHIPPING_CITY,SHIPMENT_DATE,SHIPMENT_ID) values (10086,'Hosur',to_date('15-JAN-11','DD-MON-RR'),170);
Insert into BOOK_SHIPMENT (SALES_ID,SHIPPING_CITY,SHIPMENT_DATE,SHIPMENT_ID) values (10087,'Chennai',to_date('20-JAN-11','DD-MON-RR'),171);
Insert into BOOK_SHIPMENT (SALES_ID,SHIPPING_CITY,SHIPMENT_DATE,SHIPMENT_ID) values (10088,'Allahabad',to_date('06-FEB-11','DD-MON-RR'),172);
Insert into BOOK_SHIPMENT (SALES_ID,SHIPPING_CITY,SHIPMENT_DATE,SHIPMENT_ID) values (10089,'Tumkur',to_date('15-JAN-11','DD-MON-RR'),173);
Insert into BOOK_SHIPMENT (SALES_ID,SHIPPING_CITY,SHIPMENT_DATE,SHIPMENT_ID) values (10090,'Bangalore',to_date('09-JAN-11','DD-MON-RR'),174);
Insert into BOOK_SHIPMENT (SALES_ID,SHIPPING_CITY,SHIPMENT_DATE,SHIPMENT_ID) values (10091,'Bangalore',to_date('05-DEC-10','DD-MON-RR'),175);
Insert into BOOK_SHIPMENT (SALES_ID,SHIPPING_CITY,SHIPMENT_DATE,SHIPMENT_ID) values (10092,'Bangalore',to_date('22-FEB-11','DD-MON-RR'),176);
Insert into BOOK_SHIPMENT (SALES_ID,SHIPPING_CITY,SHIPMENT_DATE,SHIPMENT_ID) values (10093,'Hosur',to_date('27-DEC-10','DD-MON-RR'),177);
Insert into BOOK_SHIPMENT (SALES_ID,SHIPPING_CITY,SHIPMENT_DATE,SHIPMENT_ID) values (10094,'Guwahati',to_date('31-DEC-10','DD-MON-RR'),178);
Insert into BOOK_SHIPMENT (SALES_ID,SHIPPING_CITY,SHIPMENT_DATE,SHIPMENT_ID) values (10095,'Mysore',to_date('17-JAN-11','DD-MON-RR'),179);
Insert into BOOK_SHIPMENT (SALES_ID,SHIPPING_CITY,SHIPMENT_DATE,SHIPMENT_ID) values (10097,'Chennai',to_date('06-JAN-11','DD-MON-RR'),180);
Insert into BOOK_SHIPMENT (SALES_ID,SHIPPING_CITY,SHIPMENT_DATE,SHIPMENT_ID) values (10098,'Bangalore',to_date('02-MAR-11','DD-MON-RR'),181);
Insert into BOOK_SHIPMENT (SALES_ID,SHIPPING_CITY,SHIPMENT_DATE,SHIPMENT_ID) values (10099,'Dandeli',to_date('13-DEC-10','DD-MON-RR'),182);
Insert into BOOK_SHIPMENT (SALES_ID,SHIPPING_CITY,SHIPMENT_DATE,SHIPMENT_ID) values (10100,'Mysore',to_date('04-FEB-11','DD-MON-RR'),183);
Insert into BOOK_SHIPMENT (SALES_ID,SHIPPING_CITY,SHIPMENT_DATE,SHIPMENT_ID) values (10101,'Tumkur',to_date('04-DEC-10','DD-MON-RR'),184);
Insert into BOOK_SHIPMENT (SALES_ID,SHIPPING_CITY,SHIPMENT_DATE,SHIPMENT_ID) values (10102,'Bangalore',to_date('01-FEB-11','DD-MON-RR'),185);
Insert into BOOK_SHIPMENT (SALES_ID,SHIPPING_CITY,SHIPMENT_DATE,SHIPMENT_ID) values (10103,'Tumkur',to_date('23-DEC-10','DD-MON-RR'),186);
Insert into BOOK_SHIPMENT (SALES_ID,SHIPPING_CITY,SHIPMENT_DATE,SHIPMENT_ID) values (10104,'Dehradun',to_date('19-DEC-10','DD-MON-RR'),187);
Insert into BOOK_SHIPMENT (SALES_ID,SHIPPING_CITY,SHIPMENT_DATE,SHIPMENT_ID) values (10105,'Delhi',to_date('20-DEC-10','DD-MON-RR'),188);
Insert into BOOK_SHIPMENT (SALES_ID,SHIPPING_CITY,SHIPMENT_DATE,SHIPMENT_ID) values (10106,'Dehradun',to_date('08-JAN-11','DD-MON-RR'),189);
Insert into BOOK_SHIPMENT (SALES_ID,SHIPPING_CITY,SHIPMENT_DATE,SHIPMENT_ID) values (10107,'Dandeli',to_date('31-DEC-10','DD-MON-RR'),190);
Insert into BOOK_SHIPMENT (SALES_ID,SHIPPING_CITY,SHIPMENT_DATE,SHIPMENT_ID) values (10108,'Guwahati',to_date('03-FEB-11','DD-MON-RR'),191);
Insert into BOOK_SHIPMENT (SALES_ID,SHIPPING_CITY,SHIPMENT_DATE,SHIPMENT_ID) values (10109,'Dehradun',to_date('07-JAN-11','DD-MON-RR'),192);
Insert into BOOK_SHIPMENT (SALES_ID,SHIPPING_CITY,SHIPMENT_DATE,SHIPMENT_ID) values (10110,'Bangalore',to_date('23-JAN-11','DD-MON-RR'),193);
Insert into BOOK_SHIPMENT (SALES_ID,SHIPPING_CITY,SHIPMENT_DATE,SHIPMENT_ID) values (10111,'Mangalore',to_date('28-JAN-11','DD-MON-RR'),194);
Insert into BOOK_SHIPMENT (SALES_ID,SHIPPING_CITY,SHIPMENT_DATE,SHIPMENT_ID) values (10112,'Tumkur',to_date('15-DEC-10','DD-MON-RR'),195);
Insert into BOOK_SHIPMENT (SALES_ID,SHIPPING_CITY,SHIPMENT_DATE,SHIPMENT_ID) values (10113,'Kolkata',to_date('05-JAN-11','DD-MON-RR'),196);
Insert into BOOK_SHIPMENT (SALES_ID,SHIPPING_CITY,SHIPMENT_DATE,SHIPMENT_ID) values (10114,'Mangalore',to_date('17-JAN-11','DD-MON-RR'),197);
Insert into BOOK_SHIPMENT (SALES_ID,SHIPPING_CITY,SHIPMENT_DATE,SHIPMENT_ID) values (10115,'Mysore',to_date('09-JAN-11','DD-MON-RR'),198);
Insert into BOOK_SHIPMENT (SALES_ID,SHIPPING_CITY,SHIPMENT_DATE,SHIPMENT_ID) values (10116,'Chennai',to_date('23-DEC-10','DD-MON-RR'),199);
Insert into BOOK_SHIPMENT (SALES_ID,SHIPPING_CITY,SHIPMENT_DATE,SHIPMENT_ID) values (10117,'Allahabad',to_date('02-MAR-11','DD-MON-RR'),200);
Insert into BOOK_SHIPMENT (SALES_ID,SHIPPING_CITY,SHIPMENT_DATE,SHIPMENT_ID) values (10118,'Dandeli',to_date('30-DEC-10','DD-MON-RR'),201);
Insert into BOOK_SHIPMENT (SALES_ID,SHIPPING_CITY,SHIPMENT_DATE,SHIPMENT_ID) values (10120,'Bangalore',to_date('18-FEB-11','DD-MON-RR'),202);
Insert into BOOK_SHIPMENT (SALES_ID,SHIPPING_CITY,SHIPMENT_DATE,SHIPMENT_ID) values (10121,'Bangalore',to_date('20-JAN-11','DD-MON-RR'),203);
Insert into BOOK_SHIPMENT (SALES_ID,SHIPPING_CITY,SHIPMENT_DATE,SHIPMENT_ID) values (10122,'Bangalore',to_date('26-FEB-11','DD-MON-RR'),204);
Insert into BOOK_SHIPMENT (SALES_ID,SHIPPING_CITY,SHIPMENT_DATE,SHIPMENT_ID) values (10123,'Guwahati',to_date('12-FEB-11','DD-MON-RR'),205);
Insert into BOOK_SHIPMENT (SALES_ID,SHIPPING_CITY,SHIPMENT_DATE,SHIPMENT_ID) values (10124,'Bangalore',to_date('20-JAN-11','DD-MON-RR'),206);
Insert into BOOK_SHIPMENT (SALES_ID,SHIPPING_CITY,SHIPMENT_DATE,SHIPMENT_ID) values (10125,'Tumkur',to_date('04-DEC-10','DD-MON-RR'),207);
Insert into BOOK_SHIPMENT (SALES_ID,SHIPPING_CITY,SHIPMENT_DATE,SHIPMENT_ID) values (10126,'Dandeli',to_date('26-DEC-10','DD-MON-RR'),208);
Insert into BOOK_SHIPMENT (SALES_ID,SHIPPING_CITY,SHIPMENT_DATE,SHIPMENT_ID) values (10127,'Chennai',to_date('07-JAN-11','DD-MON-RR'),209);
Insert into BOOK_SHIPMENT (SALES_ID,SHIPPING_CITY,SHIPMENT_DATE,SHIPMENT_ID) values (10128,'Dandeli',to_date('20-JAN-11','DD-MON-RR'),210);
Insert into BOOK_SHIPMENT (SALES_ID,SHIPPING_CITY,SHIPMENT_DATE,SHIPMENT_ID) values (10129,'Delhi',to_date('23-FEB-11','DD-MON-RR'),211);
Insert into BOOK_SHIPMENT (SALES_ID,SHIPPING_CITY,SHIPMENT_DATE,SHIPMENT_ID) values (10132,'Dehradun',to_date('28-DEC-10','DD-MON-RR'),212);
Insert into BOOK_SHIPMENT (SALES_ID,SHIPPING_CITY,SHIPMENT_DATE,SHIPMENT_ID) values (10133,'Dehradun',to_date('17-FEB-11','DD-MON-RR'),213);
Insert into BOOK_SHIPMENT (SALES_ID,SHIPPING_CITY,SHIPMENT_DATE,SHIPMENT_ID) values (10134,'Tumkur',to_date('27-JAN-11','DD-MON-RR'),214);
Insert into BOOK_SHIPMENT (SALES_ID,SHIPPING_CITY,SHIPMENT_DATE,SHIPMENT_ID) values (10135,'Mangalore',to_date('05-FEB-11','DD-MON-RR'),215);
Insert into BOOK_SHIPMENT (SALES_ID,SHIPPING_CITY,SHIPMENT_DATE,SHIPMENT_ID) values (10136,'Chennai',to_date('24-JAN-11','DD-MON-RR'),216);
Insert into BOOK_SHIPMENT (SALES_ID,SHIPPING_CITY,SHIPMENT_DATE,SHIPMENT_ID) values (10137,'Bangalore',to_date('14-FEB-11','DD-MON-RR'),217);
Insert into BOOK_SHIPMENT (SALES_ID,SHIPPING_CITY,SHIPMENT_DATE,SHIPMENT_ID) values (10138,'Tumkur',to_date('16-DEC-10','DD-MON-RR'),218);
Insert into BOOK_SHIPMENT (SALES_ID,SHIPPING_CITY,SHIPMENT_DATE,SHIPMENT_ID) values (10139,'Dehradun',to_date('21-FEB-11','DD-MON-RR'),219);
Insert into BOOK_SHIPMENT (SALES_ID,SHIPPING_CITY,SHIPMENT_DATE,SHIPMENT_ID) values (10140,'Chennai',to_date('20-FEB-11','DD-MON-RR'),220);
Insert into BOOK_SHIPMENT (SALES_ID,SHIPPING_CITY,SHIPMENT_DATE,SHIPMENT_ID) values (10141,'Chennai',to_date('02-JAN-11','DD-MON-RR'),221);
Insert into BOOK_SHIPMENT (SALES_ID,SHIPPING_CITY,SHIPMENT_DATE,SHIPMENT_ID) values (10142,'Chandigarh',to_date('12-MAR-11','DD-MON-RR'),222);
Insert into BOOK_SHIPMENT (SALES_ID,SHIPPING_CITY,SHIPMENT_DATE,SHIPMENT_ID) values (10143,'Hyderabad',to_date('25-FEB-11','DD-MON-RR'),223);
Insert into BOOK_SHIPMENT (SALES_ID,SHIPPING_CITY,SHIPMENT_DATE,SHIPMENT_ID) values (10144,'Guwahati',to_date('06-FEB-11','DD-MON-RR'),224);
Insert into BOOK_SHIPMENT (SALES_ID,SHIPPING_CITY,SHIPMENT_DATE,SHIPMENT_ID) values (10145,'Bangalore',to_date('29-JAN-11','DD-MON-RR'),225);
Insert into BOOK_SHIPMENT (SALES_ID,SHIPPING_CITY,SHIPMENT_DATE,SHIPMENT_ID) values (10146,'Guwahati',to_date('13-MAR-11','DD-MON-RR'),226);
Insert into BOOK_SHIPMENT (SALES_ID,SHIPPING_CITY,SHIPMENT_DATE,SHIPMENT_ID) values (10149,'Bangalore',to_date('23-JAN-11','DD-MON-RR'),227);
Insert into BOOK_SHIPMENT (SALES_ID,SHIPPING_CITY,SHIPMENT_DATE,SHIPMENT_ID) values (10150,'Tumkur',to_date('08-JAN-11','DD-MON-RR'),228);
Insert into BOOK_SHIPMENT (SALES_ID,SHIPPING_CITY,SHIPMENT_DATE,SHIPMENT_ID) values (10151,'Bangalore',to_date('17-DEC-10','DD-MON-RR'),229);
Insert into BOOK_SHIPMENT (SALES_ID,SHIPPING_CITY,SHIPMENT_DATE,SHIPMENT_ID) values (10152,'Delhi',to_date('26-DEC-10','DD-MON-RR'),230);
Insert into BOOK_SHIPMENT (SALES_ID,SHIPPING_CITY,SHIPMENT_DATE,SHIPMENT_ID) values (10153,'Chennai',to_date('20-DEC-10','DD-MON-RR'),231);
Insert into BOOK_SHIPMENT (SALES_ID,SHIPPING_CITY,SHIPMENT_DATE,SHIPMENT_ID) values (10154,'Bangalore',to_date('18-DEC-10','DD-MON-RR'),232);
Insert into BOOK_SHIPMENT (SALES_ID,SHIPPING_CITY,SHIPMENT_DATE,SHIPMENT_ID) values (10155,'Bangalore',to_date('25-DEC-10','DD-MON-RR'),233);
Insert into BOOK_SHIPMENT (SALES_ID,SHIPPING_CITY,SHIPMENT_DATE,SHIPMENT_ID) values (10156,'Tumkur',to_date('25-DEC-10','DD-MON-RR'),234);
Insert into BOOK_SHIPMENT (SALES_ID,SHIPPING_CITY,SHIPMENT_DATE,SHIPMENT_ID) values (10157,'Mangalore',to_date('13-DEC-10','DD-MON-RR'),235);
Insert into BOOK_SHIPMENT (SALES_ID,SHIPPING_CITY,SHIPMENT_DATE,SHIPMENT_ID) values (10158,'Kolkata',to_date('20-DEC-10','DD-MON-RR'),236);
Insert into BOOK_SHIPMENT (SALES_ID,SHIPPING_CITY,SHIPMENT_DATE,SHIPMENT_ID) values (10159,'Bangalore',to_date('13-FEB-11','DD-MON-RR'),237);
Insert into BOOK_SHIPMENT (SALES_ID,SHIPPING_CITY,SHIPMENT_DATE,SHIPMENT_ID) values (10160,'Mangalore',to_date('03-JAN-11','DD-MON-RR'),238);
Insert into BOOK_SHIPMENT (SALES_ID,SHIPPING_CITY,SHIPMENT_DATE,SHIPMENT_ID) values (10161,'Bangalore',to_date('03-DEC-10','DD-MON-RR'),239);
Insert into BOOK_SHIPMENT (SALES_ID,SHIPPING_CITY,SHIPMENT_DATE,SHIPMENT_ID) values (10162,'Chennai',to_date('05-MAR-11','DD-MON-RR'),240);
Insert into BOOK_SHIPMENT (SALES_ID,SHIPPING_CITY,SHIPMENT_DATE,SHIPMENT_ID) values (10163,'Hosur',to_date('11-JAN-11','DD-MON-RR'),241);
Insert into BOOK_SHIPMENT (SALES_ID,SHIPPING_CITY,SHIPMENT_DATE,SHIPMENT_ID) values (10164,'Mangalore',to_date('17-DEC-10','DD-MON-RR'),242);
Insert into BOOK_SHIPMENT (SALES_ID,SHIPPING_CITY,SHIPMENT_DATE,SHIPMENT_ID) values (10165,'Bangalore',to_date('30-DEC-10','DD-MON-RR'),243);
Insert into BOOK_SHIPMENT (SALES_ID,SHIPPING_CITY,SHIPMENT_DATE,SHIPMENT_ID) values (10166,'Delhi',to_date('02-MAR-11','DD-MON-RR'),244);
Insert into BOOK_SHIPMENT (SALES_ID,SHIPPING_CITY,SHIPMENT_DATE,SHIPMENT_ID) values (10167,'Dehradun',to_date('03-FEB-11','DD-MON-RR'),245);
Insert into BOOK_SHIPMENT (SALES_ID,SHIPPING_CITY,SHIPMENT_DATE,SHIPMENT_ID) values (10168,'Tumkur',to_date('20-FEB-11','DD-MON-RR'),246);
Insert into BOOK_SHIPMENT (SALES_ID,SHIPPING_CITY,SHIPMENT_DATE,SHIPMENT_ID) values (10169,'Allahabad',to_date('11-JAN-11','DD-MON-RR'),247);
Insert into BOOK_SHIPMENT (SALES_ID,SHIPPING_CITY,SHIPMENT_DATE,SHIPMENT_ID) values (10170,'Tumkur',to_date('11-FEB-11','DD-MON-RR'),248);
Insert into BOOK_SHIPMENT (SALES_ID,SHIPPING_CITY,SHIPMENT_DATE,SHIPMENT_ID) values (10171,'Hyderabad',to_date('23-JAN-11','DD-MON-RR'),249);
Insert into BOOK_SHIPMENT (SALES_ID,SHIPPING_CITY,SHIPMENT_DATE,SHIPMENT_ID) values (10172,'Bangalore',to_date('07-DEC-10','DD-MON-RR'),250);
Insert into BOOK_SHIPMENT (SALES_ID,SHIPPING_CITY,SHIPMENT_DATE,SHIPMENT_ID) values (10173,'Mangalore',to_date('26-FEB-11','DD-MON-RR'),251);
Insert into BOOK_SHIPMENT (SALES_ID,SHIPPING_CITY,SHIPMENT_DATE,SHIPMENT_ID) values (10175,'Bangalore',to_date('08-DEC-10','DD-MON-RR'),252);
Insert into BOOK_SHIPMENT (SALES_ID,SHIPPING_CITY,SHIPMENT_DATE,SHIPMENT_ID) values (10176,'Chennai',to_date('27-FEB-11','DD-MON-RR'),253);
Insert into BOOK_SHIPMENT (SALES_ID,SHIPPING_CITY,SHIPMENT_DATE,SHIPMENT_ID) values (10177,'Hosur',to_date('25-JAN-11','DD-MON-RR'),254);
Insert into BOOK_SHIPMENT (SALES_ID,SHIPPING_CITY,SHIPMENT_DATE,SHIPMENT_ID) values (10178,'Dandeli',to_date('05-MAR-11','DD-MON-RR'),255);
Insert into BOOK_SHIPMENT (SALES_ID,SHIPPING_CITY,SHIPMENT_DATE,SHIPMENT_ID) values (10179,'Bangalore',to_date('23-DEC-10','DD-MON-RR'),256);
Insert into BOOK_SHIPMENT (SALES_ID,SHIPPING_CITY,SHIPMENT_DATE,SHIPMENT_ID) values (10180,'Allahabad',to_date('04-JAN-11','DD-MON-RR'),257);
Insert into BOOK_SHIPMENT (SALES_ID,SHIPPING_CITY,SHIPMENT_DATE,SHIPMENT_ID) values (10181,'Guwahati',to_date('22-FEB-11','DD-MON-RR'),258);
Insert into BOOK_SHIPMENT (SALES_ID,SHIPPING_CITY,SHIPMENT_DATE,SHIPMENT_ID) values (10182,'Delhi',to_date('08-DEC-10','DD-MON-RR'),259);
Insert into BOOK_SHIPMENT (SALES_ID,SHIPPING_CITY,SHIPMENT_DATE,SHIPMENT_ID) values (10183,'Bangalore',to_date('05-DEC-10','DD-MON-RR'),260);
Insert into BOOK_SHIPMENT (SALES_ID,SHIPPING_CITY,SHIPMENT_DATE,SHIPMENT_ID) values (10184,'Chandigarh',to_date('06-FEB-11','DD-MON-RR'),261);
Insert into BOOK_SHIPMENT (SALES_ID,SHIPPING_CITY,SHIPMENT_DATE,SHIPMENT_ID) values (10185,'Mangalore',to_date('26-JAN-11','DD-MON-RR'),262);
Insert into BOOK_SHIPMENT (SALES_ID,SHIPPING_CITY,SHIPMENT_DATE,SHIPMENT_ID) values (10186,'Bangalore',to_date('20-JAN-11','DD-MON-RR'),263);
Insert into BOOK_SHIPMENT (SALES_ID,SHIPPING_CITY,SHIPMENT_DATE,SHIPMENT_ID) values (10187,'Mysore',to_date('06-DEC-10','DD-MON-RR'),264);
Insert into BOOK_SHIPMENT (SALES_ID,SHIPPING_CITY,SHIPMENT_DATE,SHIPMENT_ID) values (10188,'Mysore',to_date('27-JAN-11','DD-MON-RR'),265);
Insert into BOOK_SHIPMENT (SALES_ID,SHIPPING_CITY,SHIPMENT_DATE,SHIPMENT_ID) values (10189,'Bangalore',to_date('05-MAR-11','DD-MON-RR'),266);
Insert into BOOK_SHIPMENT (SALES_ID,SHIPPING_CITY,SHIPMENT_DATE,SHIPMENT_ID) values (10190,'Hosur',to_date('25-DEC-10','DD-MON-RR'),267);
Insert into BOOK_SHIPMENT (SALES_ID,SHIPPING_CITY,SHIPMENT_DATE,SHIPMENT_ID) values (10191,'Dandeli',to_date('22-FEB-11','DD-MON-RR'),268);
Insert into BOOK_SHIPMENT (SALES_ID,SHIPPING_CITY,SHIPMENT_DATE,SHIPMENT_ID) values (10192,'Bangalore',to_date('13-JAN-11','DD-MON-RR'),269);
Insert into BOOK_SHIPMENT (SALES_ID,SHIPPING_CITY,SHIPMENT_DATE,SHIPMENT_ID) values (10193,'Dandeli',to_date('02-DEC-10','DD-MON-RR'),270);
Insert into BOOK_SHIPMENT (SALES_ID,SHIPPING_CITY,SHIPMENT_DATE,SHIPMENT_ID) values (10194,'Dehradun',to_date('27-FEB-11','DD-MON-RR'),271);
Insert into BOOK_SHIPMENT (SALES_ID,SHIPPING_CITY,SHIPMENT_DATE,SHIPMENT_ID) values (10195,'Dehradun',to_date('16-DEC-10','DD-MON-RR'),272);
Insert into BOOK_SHIPMENT (SALES_ID,SHIPPING_CITY,SHIPMENT_DATE,SHIPMENT_ID) values (10196,'Dandeli',to_date('11-DEC-10','DD-MON-RR'),273);
Insert into BOOK_SHIPMENT (SALES_ID,SHIPPING_CITY,SHIPMENT_DATE,SHIPMENT_ID) values (10197,'Mangalore',to_date('30-DEC-10','DD-MON-RR'),274);
Insert into BOOK_SHIPMENT (SALES_ID,SHIPPING_CITY,SHIPMENT_DATE,SHIPMENT_ID) values (10198,'Chennai',to_date('11-FEB-11','DD-MON-RR'),275);
Insert into BOOK_SHIPMENT (SALES_ID,SHIPPING_CITY,SHIPMENT_DATE,SHIPMENT_ID) values (10199,'Dandeli',to_date('14-FEB-11','DD-MON-RR'),276);
Insert into BOOK_SHIPMENT (SALES_ID,SHIPPING_CITY,SHIPMENT_DATE,SHIPMENT_ID) values (10200,'Dandeli',to_date('15-DEC-10','DD-MON-RR'),277);
Insert into BOOK_SHIPMENT (SALES_ID,SHIPPING_CITY,SHIPMENT_DATE,SHIPMENT_ID) values (10201,'Dandeli',to_date('14-JAN-11','DD-MON-RR'),278);
Insert into BOOK_SHIPMENT (SALES_ID,SHIPPING_CITY,SHIPMENT_DATE,SHIPMENT_ID) values (10202,'Dandeli',to_date('28-JAN-11','DD-MON-RR'),279);
Insert into BOOK_SHIPMENT (SALES_ID,SHIPPING_CITY,SHIPMENT_DATE,SHIPMENT_ID) values (10203,'Chennai',to_date('09-DEC-10','DD-MON-RR'),280);
Insert into BOOK_SHIPMENT (SALES_ID,SHIPPING_CITY,SHIPMENT_DATE,SHIPMENT_ID) values (10204,'Chandigarh',to_date('09-JAN-11','DD-MON-RR'),281);
Insert into BOOK_SHIPMENT (SALES_ID,SHIPPING_CITY,SHIPMENT_DATE,SHIPMENT_ID) values (10205,'Hyderabad',to_date('10-DEC-10','DD-MON-RR'),282);
Insert into BOOK_SHIPMENT (SALES_ID,SHIPPING_CITY,SHIPMENT_DATE,SHIPMENT_ID) values (10206,'Kolkata',to_date('12-FEB-11','DD-MON-RR'),283);
Insert into BOOK_SHIPMENT (SALES_ID,SHIPPING_CITY,SHIPMENT_DATE,SHIPMENT_ID) values (10207,'Dandeli',to_date('31-JAN-11','DD-MON-RR'),284);
Insert into BOOK_SHIPMENT (SALES_ID,SHIPPING_CITY,SHIPMENT_DATE,SHIPMENT_ID) values (10208,'Hyderabad',to_date('04-MAR-11','DD-MON-RR'),285);
Insert into BOOK_SHIPMENT (SALES_ID,SHIPPING_CITY,SHIPMENT_DATE,SHIPMENT_ID) values (10209,'Dandeli',to_date('23-FEB-11','DD-MON-RR'),286);
Insert into BOOK_SHIPMENT (SALES_ID,SHIPPING_CITY,SHIPMENT_DATE,SHIPMENT_ID) values (10210,'Bangalore',to_date('07-DEC-10','DD-MON-RR'),287);
Insert into BOOK_SHIPMENT (SALES_ID,SHIPPING_CITY,SHIPMENT_DATE,SHIPMENT_ID) values (10211,'Chandigarh',to_date('08-FEB-11','DD-MON-RR'),288);
Insert into BOOK_SHIPMENT (SALES_ID,SHIPPING_CITY,SHIPMENT_DATE,SHIPMENT_ID) values (10212,'Dandeli',to_date('22-DEC-10','DD-MON-RR'),289);
Insert into BOOK_SHIPMENT (SALES_ID,SHIPPING_CITY,SHIPMENT_DATE,SHIPMENT_ID) values (10213,'Hyderabad',to_date('30-JAN-11','DD-MON-RR'),290);
Insert into BOOK_SHIPMENT (SALES_ID,SHIPPING_CITY,SHIPMENT_DATE,SHIPMENT_ID) values (10214,'Allahabad',to_date('09-DEC-10','DD-MON-RR'),291);
Insert into BOOK_SHIPMENT (SALES_ID,SHIPPING_CITY,SHIPMENT_DATE,SHIPMENT_ID) values (10215,'Dandeli',to_date('18-DEC-10','DD-MON-RR'),292);
Insert into BOOK_SHIPMENT (SALES_ID,SHIPPING_CITY,SHIPMENT_DATE,SHIPMENT_ID) values (10216,'Mangalore',to_date('26-JAN-11','DD-MON-RR'),293);
Insert into BOOK_SHIPMENT (SALES_ID,SHIPPING_CITY,SHIPMENT_DATE,SHIPMENT_ID) values (10217,'Kolkata',to_date('03-FEB-11','DD-MON-RR'),294);
Insert into BOOK_SHIPMENT (SALES_ID,SHIPPING_CITY,SHIPMENT_DATE,SHIPMENT_ID) values (10218,'Bangalore',to_date('04-JAN-11','DD-MON-RR'),295);
Insert into BOOK_SHIPMENT (SALES_ID,SHIPPING_CITY,SHIPMENT_DATE,SHIPMENT_ID) values (10219,'Tumkur',to_date('21-DEC-10','DD-MON-RR'),296);
Insert into BOOK_SHIPMENT (SALES_ID,SHIPPING_CITY,SHIPMENT_DATE,SHIPMENT_ID) values (10220,'Chennai',to_date('11-FEB-11','DD-MON-RR'),297);
Insert into BOOK_SHIPMENT (SALES_ID,SHIPPING_CITY,SHIPMENT_DATE,SHIPMENT_ID) values (10221,'Dandeli',to_date('02-DEC-10','DD-MON-RR'),298);
Insert into BOOK_SHIPMENT (SALES_ID,SHIPPING_CITY,SHIPMENT_DATE,SHIPMENT_ID) values (10222,'Tumkur',to_date('26-FEB-11','DD-MON-RR'),299);
Insert into BOOK_SHIPMENT (SALES_ID,SHIPPING_CITY,SHIPMENT_DATE,SHIPMENT_ID) values (10223,'Dehradun',to_date('01-MAR-11','DD-MON-RR'),300);
Insert into BOOK_SHIPMENT (SALES_ID,SHIPPING_CITY,SHIPMENT_DATE,SHIPMENT_ID) values (10224,'Mysore',to_date('21-FEB-11','DD-MON-RR'),301);
Insert into BOOK_SHIPMENT (SALES_ID,SHIPPING_CITY,SHIPMENT_DATE,SHIPMENT_ID) values (10225,'Hyderabad',to_date('06-JAN-11','DD-MON-RR'),302);
Insert into BOOK_SHIPMENT (SALES_ID,SHIPPING_CITY,SHIPMENT_DATE,SHIPMENT_ID) values (10226,'Bangalore',to_date('14-JAN-11','DD-MON-RR'),303);
Insert into BOOK_SHIPMENT (SALES_ID,SHIPPING_CITY,SHIPMENT_DATE,SHIPMENT_ID) values (10227,'Guwahati',to_date('20-JAN-11','DD-MON-RR'),304);
Insert into BOOK_SHIPMENT (SALES_ID,SHIPPING_CITY,SHIPMENT_DATE,SHIPMENT_ID) values (10228,'Tumkur',to_date('06-FEB-11','DD-MON-RR'),305);
Insert into BOOK_SHIPMENT (SALES_ID,SHIPPING_CITY,SHIPMENT_DATE,SHIPMENT_ID) values (10229,'Mysore',to_date('14-JAN-11','DD-MON-RR'),306);
Insert into BOOK_SHIPMENT (SALES_ID,SHIPPING_CITY,SHIPMENT_DATE,SHIPMENT_ID) values (10230,'Tumkur',to_date('02-MAR-11','DD-MON-RR'),307);
Insert into BOOK_SHIPMENT (SALES_ID,SHIPPING_CITY,SHIPMENT_DATE,SHIPMENT_ID) values (10231,'Mangalore',to_date('31-DEC-10','DD-MON-RR'),308);
Insert into BOOK_SHIPMENT (SALES_ID,SHIPPING_CITY,SHIPMENT_DATE,SHIPMENT_ID) values (10232,'Tumkur',to_date('02-FEB-11','DD-MON-RR'),309);
Insert into BOOK_SHIPMENT (SALES_ID,SHIPPING_CITY,SHIPMENT_DATE,SHIPMENT_ID) values (10233,'Guwahati',to_date('06-JAN-11','DD-MON-RR'),310);
Insert into BOOK_SHIPMENT (SALES_ID,SHIPPING_CITY,SHIPMENT_DATE,SHIPMENT_ID) values (10234,'Bangalore',to_date('18-FEB-11','DD-MON-RR'),311);
Insert into BOOK_SHIPMENT (SALES_ID,SHIPPING_CITY,SHIPMENT_DATE,SHIPMENT_ID) values (10235,'Chennai',to_date('22-FEB-11','DD-MON-RR'),312);
Insert into BOOK_SHIPMENT (SALES_ID,SHIPPING_CITY,SHIPMENT_DATE,SHIPMENT_ID) values (10236,'Bangalore',to_date('05-MAR-11','DD-MON-RR'),313);
Insert into BOOK_SHIPMENT (SALES_ID,SHIPPING_CITY,SHIPMENT_DATE,SHIPMENT_ID) values (10237,'Tumkur',to_date('18-JAN-11','DD-MON-RR'),314);
Insert into BOOK_SHIPMENT (SALES_ID,SHIPPING_CITY,SHIPMENT_DATE,SHIPMENT_ID) values (10238,'Dehradun',to_date('29-DEC-10','DD-MON-RR'),315);
Insert into BOOK_SHIPMENT (SALES_ID,SHIPPING_CITY,SHIPMENT_DATE,SHIPMENT_ID) values (10239,'Hosur',to_date('25-JAN-11','DD-MON-RR'),316);
Insert into BOOK_SHIPMENT (SALES_ID,SHIPPING_CITY,SHIPMENT_DATE,SHIPMENT_ID) values (10240,'Mangalore',to_date('27-DEC-10','DD-MON-RR'),317);
Insert into BOOK_SHIPMENT (SALES_ID,SHIPPING_CITY,SHIPMENT_DATE,SHIPMENT_ID) values (10241,'Chennai',to_date('28-FEB-11','DD-MON-RR'),318);
Insert into BOOK_SHIPMENT (SALES_ID,SHIPPING_CITY,SHIPMENT_DATE,SHIPMENT_ID) values (10243,'Dandeli',to_date('08-DEC-10','DD-MON-RR'),319);
Insert into BOOK_SHIPMENT (SALES_ID,SHIPPING_CITY,SHIPMENT_DATE,SHIPMENT_ID) values (10244,'Dandeli',to_date('11-JAN-11','DD-MON-RR'),320);
Insert into BOOK_SHIPMENT (SALES_ID,SHIPPING_CITY,SHIPMENT_DATE,SHIPMENT_ID) values (10245,'Dandeli',to_date('11-FEB-11','DD-MON-RR'),321);
Insert into BOOK_SHIPMENT (SALES_ID,SHIPPING_CITY,SHIPMENT_DATE,SHIPMENT_ID) values (10246,'Delhi',to_date('06-DEC-10','DD-MON-RR'),322);
Insert into BOOK_SHIPMENT (SALES_ID,SHIPPING_CITY,SHIPMENT_DATE,SHIPMENT_ID) values (10247,'Delhi',to_date('05-FEB-11','DD-MON-RR'),323);
Insert into BOOK_SHIPMENT (SALES_ID,SHIPPING_CITY,SHIPMENT_DATE,SHIPMENT_ID) values (10248,'Bangalore',to_date('05-JAN-11','DD-MON-RR'),324);
Insert into BOOK_SHIPMENT (SALES_ID,SHIPPING_CITY,SHIPMENT_DATE,SHIPMENT_ID) values (10249,'Chandigarh',to_date('02-FEB-11','DD-MON-RR'),325);
Insert into BOOK_SHIPMENT (SALES_ID,SHIPPING_CITY,SHIPMENT_DATE,SHIPMENT_ID) values (10250,'Guwahati',to_date('10-DEC-10','DD-MON-RR'),326);
  
--------------------------------------------------------
--  DDL for Index ISBN_UNQ
--------------------------------------------------------

  CREATE UNIQUE INDEX "ISBN_UNQ" ON "BOOKS" ("ISBN") 
  ;
--------------------------------------------------------
--  DDL for Index BOOK_INDEX
--------------------------------------------------------

  CREATE INDEX "BOOK_INDEX" ON "BOOKS" ("BOOK_TYPE");
--------------------------------------------------------
--  DDL for Index BOOKS_PK
--------------------------------------------------------

  CREATE UNIQUE INDEX "BOOKS_PK" ON "BOOKS" ("BOOK_ID");
--------------------------------------------------------
--  DDL for Index SALES_ID_PK
--------------------------------------------------------

  CREATE UNIQUE INDEX "SALES_ID_PK" ON "BOOK_SALES" ("SALES_ID") 
  ;
--------------------------------------------------------
--  DDL for Index SALES_BOOK_IDX
--------------------------------------------------------

  CREATE INDEX "SALES_BOOK_IDX" ON "BOOK_SALES" ("BOOK_ID") 
  ;
--------------------------------------------------------
--  DDL for Index AUTHOR_PK
--------------------------------------------------------

  CREATE UNIQUE INDEX "AUTHOR_PK" ON "AUTHORS" ("AUTHOR_ID") 
  ;
--------------------------------------------------------
--  DDL for Index BOOK_AUTHOR_PK
--------------------------------------------------------

  CREATE UNIQUE INDEX "BOOK_AUTHOR_PK" ON "BOOK_AUTHOR" ("BOOK_ID", "AUTHOR_ID") 
  ;
--------------------------------------------------------
--  DDL for Index CUST_ID_FK
--------------------------------------------------------

  CREATE UNIQUE INDEX "CUST_ID_FK" ON "BOOK_CUSTOMER" ("CUST_ID") 
  ;
--------------------------------------------------------
--  DDL for Index SYS_C006614
--------------------------------------------------------

  CREATE UNIQUE INDEX "SYS_C006614" ON "BOOK_CUSTOMER" ("CUST_EMAIL") 
  ;
--------------------------------------------------------
--  DDL for Index CUST_FNLN_NDX
--------------------------------------------------------

  CREATE INDEX "CUST_FNLN_NDX" ON "BOOK_CUSTOMER" ("CUST_FNAME", "CUST_LNAME") 
  ;
--------------------------------------------------------
--  DDL for Index CUST_FNAME_NDX
--------------------------------------------------------

  CREATE INDEX "CUST_FNAME_NDX" ON "BOOK_CUSTOMER" ("CUST_FNAME") 
  ;
--------------------------------------------------------
--  DDL for Index CUST_LNAME_NDX
--------------------------------------------------------

  CREATE INDEX "CUST_LNAME_NDX" ON "BOOK_CUSTOMER" ("CUST_LNAME") 
  ;
--------------------------------------------------------
--  DDL for Index PUBL_PK
--------------------------------------------------------

  CREATE UNIQUE INDEX "PUBL_PK" ON "PUBLISHER" ("PUBL_ID") 
  ;
--------------------------------------------------------
--  DDL for Index PUBLNAME_IDX
--------------------------------------------------------

  CREATE INDEX "PUBLNAME_IDX" ON "PUBLISHER" ("PUBL_NAME") 
  ;
--------------------------------------------------------
--  DDL for Index SYS_C006062
--------------------------------------------------------

  CREATE UNIQUE INDEX "SYS_C006062" ON "BOOK_SHIPMENT" ("SHIPMENT_ID") 
  ;
--------------------------------------------------------
--  Constraints for Table BOOKS
--------------------------------------------------------

  ALTER TABLE "BOOKS" ADD CONSTRAINT "BOOK_ID_PKEY" PRIMARY KEY ("BOOK_ID") ENABLE;
 
  ALTER TABLE "BOOKS" ADD CONSTRAINT "BOOK_START" CHECK (BOOK_ID LIKE 'B%') ENABLE;
 
  ALTER TABLE "BOOKS" ADD CONSTRAINT "BOOK_TYPE_CONS" CHECK (BOOK_TYPE IN ('OS','DB','PR','GN', 'NW', 'SE')) ENABLE;
 
  ALTER TABLE "BOOKS" ADD CONSTRAINT "COST_GT0" CHECK ("BOOK_COST">0) ENABLE;
 
  ALTER TABLE "BOOKS" ADD CONSTRAINT "ISBN_UNQ" UNIQUE ("ISBN") ENABLE;
 
  ALTER TABLE "BOOKS" MODIFY ("BOOK_TITLE" NOT NULL ENABLE);
 
  ALTER TABLE "BOOKS" ADD CONSTRAINT "CHK_BOOK_DISC" 
  CHECK (book_discount BETWEEN 0 AND 100);
--------------------------------------------------------
--  Constraints for Table BOOK_SALES
--------------------------------------------------------

  ALTER TABLE "BOOK_SALES" ADD CONSTRAINT "SALES_ID_PK" PRIMARY KEY ("SALES_ID") ENABLE;
 
  ALTER TABLE "BOOK_SALES" MODIFY ("QTY" NOT NULL ENABLE);
 
  ALTER TABLE "BOOK_SALES" MODIFY ("BOOK_ID" NOT NULL ENABLE);
 
  ALTER TABLE "BOOK_SALES" MODIFY ("CUST_ID" NOT NULL ENABLE);
 
  ALTER TABLE "BOOK_SALES" MODIFY ("PURCHASE_DATE" NOT NULL ENABLE);
--------------------------------------------------------
--  Constraints for Table AUTHORS
--------------------------------------------------------

  ALTER TABLE "AUTHORS" ADD CONSTRAINT "AUTHOR_PK" PRIMARY KEY ("AUTHOR_ID") ENABLE;
 
  ALTER TABLE "AUTHORS" MODIFY ("AUTHOR_NAME" NOT NULL ENABLE);
--------------------------------------------------------
--  Constraints for Table BOOK_AUTHOR
--------------------------------------------------------

  ALTER TABLE "BOOK_AUTHOR" ADD CONSTRAINT "BOOK_AUTHOR_PK" PRIMARY KEY ("BOOK_ID", "AUTHOR_ID") ENABLE;
--------------------------------------------------------
--  Constraints for Table BOOK_CUSTOMER
--------------------------------------------------------

  ALTER TABLE "BOOK_CUSTOMER" ADD CONSTRAINT "CUST_ID_FK" PRIMARY KEY ("CUST_ID") ENABLE;
 
  ALTER TABLE "BOOK_CUSTOMER" MODIFY ("CUST_FNAME" NOT NULL ENABLE);
 
  ALTER TABLE "BOOK_CUSTOMER" MODIFY ("CUST_EMAIL" NOT NULL ENABLE);
 
  ALTER TABLE "BOOK_CUSTOMER" ADD UNIQUE ("CUST_EMAIL") ENABLE;
--------------------------------------------------------
--  Constraints for Table PUBLISHER
--------------------------------------------------------

  ALTER TABLE "PUBLISHER" ADD CONSTRAINT "PUBL_PK" PRIMARY KEY ("PUBL_ID") ENABLE;
 
  ALTER TABLE "PUBLISHER" MODIFY ("PUBL_ID" NOT NULL ENABLE);
--------------------------------------------------------
--  Constraints for Table BOOK_SHIPMENT
--------------------------------------------------------

  ALTER TABLE "BOOK_SHIPMENT" MODIFY ("SHIPMENT_ID" NOT NULL ENABLE);
 
  ALTER TABLE "BOOK_SHIPMENT" ADD PRIMARY KEY ("SHIPMENT_ID") ENABLE;
 
  ALTER TABLE "BOOK_SHIPMENT" MODIFY ("SALES_ID" NOT NULL ENABLE);
 
  ALTER TABLE "BOOK_SHIPMENT" MODIFY ("SHIPMENT_DATE" NOT NULL ENABLE);
--------------------------------------------------------
--  Ref Constraints for Table BOOKS
--------------------------------------------------------

  ALTER TABLE "BOOKS" ADD CONSTRAINT "PUBL_ID_FK" FOREIGN KEY ("PUBL_ID")
	  REFERENCES "PUBLISHER" ("PUBL_ID") ENABLE;
--------------------------------------------------------
--  Ref Constraints for Table BOOK_SALES
--------------------------------------------------------

  ALTER TABLE "BOOK_SALES" ADD CONSTRAINT "SALES_BOOK_ID_FK" FOREIGN KEY ("BOOK_ID")
	  REFERENCES "BOOKS" ("BOOK_ID") ENABLE;
 
  ALTER TABLE "BOOK_SALES" ADD CONSTRAINT "SALES_CUST_ID_FK" FOREIGN KEY ("CUST_ID")
	  REFERENCES "BOOK_CUSTOMER" ("CUST_ID") ENABLE;
--------------------------------------------------------
--  Ref Constraints for Table BOOK_AUTHOR
--------------------------------------------------------

  ALTER TABLE "BOOK_AUTHOR" ADD CONSTRAINT "AUTHOR_ID_FK" FOREIGN KEY ("AUTHOR_ID")
	  REFERENCES "AUTHORS" ("AUTHOR_ID") ENABLE;
 
  ALTER TABLE "BOOK_AUTHOR" ADD CONSTRAINT "BOOK_ID_FK" FOREIGN KEY ("BOOK_ID")
	  REFERENCES "BOOKS" ("BOOK_ID") ENABLE;
--------------------------------------------------------
--  Ref Constraints for Table BOOK_SHIPMENT
--------------------------------------------------------

  ALTER TABLE "BOOK_SHIPMENT" ADD CONSTRAINT "SD_SALES_ID_FK" FOREIGN KEY ("SALES_ID")
	  REFERENCES "BOOK_SALES" ("SALES_ID") DISABLE VALIDATE;

SET DEFINE ON
